Aquila_chrysaetos	Latimeria_chalumnae	20.833	72	33	1	32	103	58	105	4.9	18.1
Terrapene_carolina	Piliocolobus_tephrosceles	21.481	270	155	12	296	551	1	227	0.3	23.9
Acanthochromis_polyacanthus	Otolemur_garnettii	21.622	74	45	2	35	99	35	104	0.23	21.9
Otolemur_garnettii	Acanthochromis_polyacanthus	21.622	74	45	2	35	104	35	99	0.4	21.9
Marmota_marmota	Chelonia_mydas	21.739	23	18	0	10	32	311	333	6.6	18.5
Castor_canadensis	Terrapene_carolina	22.078	77	40	2	193	251	108	182	0.48	21.9
Terrapene_carolina	Castor_canadensis	22.078	77	40	2	108	182	193	251	0.95	22.3
Chelonia_mydas	Mustela_putorius	22.593	270	185	10	337	602	1	250	0.31	23.9
Terrapene_carolina	Mustela_putorius	22.692	260	171	9	296	552	1	233	0.1	25.4
Cyprinodon_variegatus	Chelonia_mydas	22.727	44	26	1	61	96	127	170	8.6	16.9
Terrapene_carolina	Homo_sapiens	22.772	101	55	5	49	135	183	274	3.3	20.4
Crocodylus_porosus	Nomascus_leucogenys	22.979	235	132	8	1	200	1	221	0.24	22.7
Crocodylus_porosus	Piliocolobus_tephrosceles	23.077	117	63	4	143	254	137	231	0.33	22.3
Piliocolobus_tephrosceles	Crocodylus_porosus	23.077	117	63	4	137	231	143	254	0.49	21.9
Chelonia_mydas	Piliocolobus_tephrosceles	23.333	120	66	5	480	592	127	227	0.44	23.5
Cynoglossus_semilaevis	Chrysemys_picta	23.333	30	23	0	32	61	301	330	5.8	18.1
Piliocolobus_tephrosceles	Chelonia_mydas	23.333	120	66	5	127	227	480	592	0.24	23.1
Nomascus_leucogenys	Chelonia_mydas	23.358	137	74	7	127	244	480	604	1.1	20.8
Chelonia_mydas	Nomascus_leucogenys	23.404	282	164	14	337	604	1	244	0.53	23.1
Bos_taurus	Crocodylus_porosus	23.448	145	82	6	78	209	86	214	5	18.9
Astyanax_mexicanus	Cynoglossus_semilaevis	23.81	84	56	3	27	108	15	92	0.2	22.3
Cynoglossus_semilaevis	Astyanax_mexicanus	23.81	84	56	3	15	92	27	108	0.24	22.3
Terrapene_carolina	Nomascus_leucogenys	23.86	285	159	13	296	563	1	244	0.068	25.8
Alligator_sinensis	Mustela_putorius	23.894	113	70	3	304	414	1	99	0.37	23.5
Astyanax_mexicanus	Poecilia_reticulata	24.026	154	102	5	65	206	51	201	0.023	25.4
Terrapene_carolina	Homo_sapiens	24.211	285	163	13	296	564	1	248	0.067	25.8
Crocodylus_porosus	Marmota_marmota	24.324	37	28	0	110	146	25	61	9	17.7
Marmota_marmota	Crocodylus_porosus	24.324	37	28	0	25	61	110	146	7.8	18.1
Mustela_putorius	Crocodylus_porosus	24.37	238	139	10	1	214	1	221	0.27	22.7
Crocodylus_porosus	Mustela_putorius	24.473	237	140	9	1	221	1	214	0.004	28.5
Chelonia_mydas	Homo_sapiens	24.561	285	162	13	337	605	1	248	0.068	25.8
Chrysemys_picta	Mustela_putorius	24.658	292	172	14	361	637	1	259	0.000148	34.3
Terrapene_carolina	Equus_caballus	24.907	269	152	16	296	552	1	231	4.5	20
Pan_troglodytes	Terrapene_carolina	24.912	285	161	13	1	248	296	564	7.2	18.5
Terrapene_carolina	Pan_troglodytes	24.912	285	161	13	296	564	1	248	0.006	29.3
Astyanax_mexicanus	Fundulus_heteroclitus	25	148	78	6	87	206	1	143	0.23	21.9
Astyanax_mexicanus	Anabas_testudineus	25	128	65	6	84	206	91	192	0.95	20.4
Cyprinodon_variegatus	Panthera_tigris	25	96	53	5	24	112	147	230	1.9	18.9
Latimeria_chalumnae	Terrapene_carolina	25	144	71	3	66	209	370	476	2.41E-09	48.5
Piliocolobus_tephrosceles	Pelodiscus_sinensis	25	28	21	0	199	226	590	617	6.3	18.5
Chelonia_mydas	Pan_troglodytes	25.175	286	159	14	337	605	1	248	0.005	29.3
Crocodylus_porosus	Bos_taurus	25.263	190	106	9	47	214	34	209	1.7	20
Cynoglossus_semilaevis	Rhinatrema_bivittatum	25.333	75	47	2	128	193	40	114	6.1	18.1
Rhinatrema_bivittatum	Cynoglossus_semilaevis	25.333	75	47	2	40	114	128	193	8.2	18.1
Crocodylus_porosus	Piliocolobus_tephrosceles	25.424	59	34	2	90	140	209	265	8.6	18.1
Piliocolobus_tephrosceles	Crocodylus_porosus	25.424	59	34	2	209	265	90	140	9.5	17.7
Astyanax_mexicanus	Rhinatrema_bivittatum	25.49	102	63	3	38	126	45	146	4.5	18.5
Rhinatrema_bivittatum	Astyanax_mexicanus	25.49	102	63	3	45	146	38	126	5.7	18.5
Marmota_marmota	Rhinatrema_bivittatum	25.51	98	55	5	185	268	152	245	0.3	22.7
Rhinatrema_bivittatum	Marmota_marmota	25.51	98	55	5	152	245	185	268	0.3	22.7
Nomascus_leucogenys	Crocodylus_porosus	25.581	86	34	4	138	221	143	200	5.4	18.5
Alligator_sinensis	Vulpes_vulpes	25.61	82	49	2	304	385	1	70	4.3	20
Chelonia_mydas	Latimeria_chalumnae	25.714	140	67	3	415	517	70	209	0.000881	32
Latimeria_chalumnae	Chelonia_mydas	25.714	140	67	3	70	209	415	517	9.83E-10	49.7
Callithrix_jacchus	Terrapene_carolina	25.781	128	66	7	129	238	441	557	0.2	23.5
Callithrix_jacchus	Chelonia_mydas	25.781	128	66	7	129	238	482	598	0.23	23.1
Terrapene_carolina	Callithrix_jacchus	25.781	128	66	7	441	557	129	238	0.29	23.9
Cyprinodon_variegatus	Astyanax_mexicanus	25.806	31	23	0	80	110	54	84	9.4	16.9
Aquila_chrysaetos	Mustela_putorius	25.882	85	56	4	38	118	100	181	1.9	19.2
Mustela_putorius	Aquila_chrysaetos	25.882	85	56	4	100	181	38	118	2.9	19.2
Mustela_putorius	Chrysemys_picta	25.926	27	20	0	243	269	101	127	8.9	18.1
Mustela_putorius	Chelonia_mydas	25.926	27	20	0	243	269	101	127	8.9	18.1
Mustela_putorius	Terrapene_carolina	25.926	27	20	0	243	269	101	127	8.2	18.1
Alligator_sinensis	Ursus_maritimus	26	100	59	3	304	400	1	88	0.26	23.9
Latimeria_chalumnae	Lepisosteus_oculatus	26	50	25	1	30	79	20	57	2.6	19.6
Anabas_testudineus	Astyanax_mexicanus	26.087	46	29	1	91	136	84	124	1.5	19.6
Terrapene_carolina	Ursus_maritimus	26.087	276	166	13	296	561	1	248	0.002	30.8
Chrysemys_picta	Piliocolobus_tephrosceles	26.316	76	39	3	568	637	190	254	0.007	29.3
Piliocolobus_tephrosceles	Chrysemys_picta	26.316	76	39	3	190	254	568	637	0.004	28.9
Chelonia_mydas	Ursus_maritimus	26.449	276	165	13	337	602	1	248	0.007	29.3
Acanthochromis_polyacanthus	Bos_taurus	26.471	34	25	0	28	61	139	172	9.7	16.9
Bos_taurus	Terrapene_carolina	26.471	34	25	0	235	268	146	179	7	18.5
Chrysemys_picta	Ursus_maritimus	26.481	287	172	14	361	637	1	258	2.69E-05	36.6
Chrysemys_picta	Bos_taurus	26.641	259	144	16	397	637	32	262	0.000212	33.9
Chelonia_mydas	Nomascus_leucogenys	26.667	75	45	3	96	168	30	96	6.3	19.6
Chelonia_mydas	Marmota_marmota	26.667	75	45	3	96	168	26	92	9	19.2
Chrysemys_picta	Marmota_marmota	26.667	75	45	3	96	168	26	92	9.4	19.2
Marmota_marmota	Chrysemys_picta	26.667	75	45	3	26	92	96	168	2.9	19.6
Marmota_marmota	Chelonia_mydas	26.667	75	45	3	26	92	96	168	2.8	19.6
Marmota_marmota	Alligator_sinensis	26.667	75	45	3	26	92	115	187	3.2	19.6
Nomascus_leucogenys	Chelonia_mydas	26.667	75	45	3	30	96	96	168	1.9	20.4
Cynoglossus_semilaevis	Kryptolebias_marmoratus	26.901	171	112	7	36	200	47	210	7.15E-08	42
Kryptolebias_marmoratus	Cynoglossus_semilaevis	26.901	171	112	7	47	210	36	200	7.51E-08	42
Mustela_putorius	Chrysemys_picta	26.906	223	126	12	58	259	431	637	0.000168	33.1
Alligator_sinensis	Panthera_tigris	26.923	52	38	0	304	355	1	52	0.35	23.5
Alligator_sinensis	Marmota_marmota	27.027	74	44	3	115	186	26	91	9.1	18.9
Latimeria_chalumnae	Chrysemys_picta	27.083	144	68	4	66	209	435	541	3.76E-10	50.8
Nomascus_leucogenys	Pelodiscus_sinensis	27.083	48	33	1	1	46	373	420	2	20
Pelodiscus_sinensis	Nomascus_leucogenys	27.083	48	33	1	373	420	1	46	4.4	20.4
Alligator_sinensis	Castor_canadensis	27.119	59	31	2	127	173	193	251	7.9	19.2
Castor_canadensis	Chrysemys_picta	27.119	59	31	2	193	251	108	154	4	19.2
Castor_canadensis	Alligator_sinensis	27.119	59	31	2	193	251	127	173	4.6	18.9
Castor_canadensis	Pelodiscus_sinensis	27.119	59	31	2	193	251	158	204	5	18.9
Chrysemys_picta	Castor_canadensis	27.119	59	31	2	108	154	193	251	7.8	19.2
Bos_taurus	Chrysemys_picta	27.155	232	124	15	58	262	424	637	0.000322	32.3
Anabas_testudineus	Pelodiscus_sinensis	27.273	44	22	1	4	37	265	308	1.5	20
Chrysemys_picta	Homo_sapiens	27.273	132	82	6	507	637	138	256	0.001	31.6
Crocodylus_porosus	Vulpes_vulpes	27.273	55	30	3	157	211	160	204	8.2	18.1
Fundulus_heteroclitus	Homo_sapiens	27.273	33	24	0	101	133	107	139	4.5	17.7
Homo_sapiens	Fundulus_heteroclitus	27.273	33	24	0	107	139	101	133	8.7	17.7
Pelodiscus_sinensis	Anabas_testudineus	27.273	44	22	1	265	308	4	37	4.7	20
Danio_rerio	Astyanax_mexicanus	27.358	212	132	11	1	196	1	206	6.79E-08	41.6
Homo_sapiens	Chelonia_mydas	27.407	135	76	7	127	248	480	605	0.32	22.7
Oryzias_latipes	Apteryx_rowi	27.451	51	35	2	103	153	67	115	3.4	18.5
Alligator_sinensis	Castor_canadensis	27.5	40	29	0	310	349	3	42	7.8	19.2
Neolamprologus_brichardi	Pelodiscus_sinensis	27.5	40	28	1	6	44	390	429	3.8	16.9
Pelodiscus_sinensis	Latimeria_chalumnae	27.536	69	42	3	526	586	189	257	8.8	19.2
Chelonia_mydas	Callithrix_jacchus	27.586	58	28	2	544	598	192	238	0.47	23.1
Marmota_marmota	Terrapene_carolina	27.586	58	37	2	26	80	96	151	6.3	18.5
Callithrix_jacchus	Chrysemys_picta	27.632	76	38	3	192	256	568	637	0.013	27.3
Chrysemys_picta	Nomascus_leucogenys	27.632	76	38	3	568	637	192	256	0.001	31.2
Chrysemys_picta	Callithrix_jacchus	27.632	76	38	3	568	637	192	256	0.019	27.7
Nomascus_leucogenys	Chrysemys_picta	27.632	76	38	3	192	256	568	637	0.000771	31.2
Callithrix_jacchus	Pelodiscus_sinensis	27.66	47	33	1	1	46	373	419	1.3	20.8
Homo_sapiens	Pelodiscus_sinensis	27.66	47	33	1	1	46	373	419	1.1	20.8
Pan_troglodytes	Pelodiscus_sinensis	27.66	47	33	1	1	46	373	419	1.6	20.4
Pelodiscus_sinensis	Homo_sapiens	27.66	47	33	1	373	419	1	46	2.7	20.8
Pelodiscus_sinensis	Pan_troglodytes	27.66	47	33	1	373	419	1	46	3.9	20.4
Alligator_sinensis	Homo_sapiens	27.778	36	26	0	119	154	239	274	4.3	20
Alligator_sinensis	Pan_troglodytes	27.778	36	26	0	119	154	239	274	4.2	20
Alligator_sinensis	Mustela_putorius	27.778	36	26	0	204	239	243	278	4	20
Chelonia_mydas	Pan_troglodytes	27.778	36	26	0	100	135	239	274	3.7	20.4
Chelonia_mydas	Homo_sapiens	27.778	36	26	0	100	135	239	274	3.7	20.4
Chelonia_mydas	Mustela_putorius	27.778	36	26	0	185	220	243	278	3.3	20.4
Chrysemys_picta	Pan_troglodytes	27.778	36	26	0	100	135	239	274	3	20.8
Chrysemys_picta	Mustela_putorius	27.778	36	26	0	185	220	243	278	1.8	21.6
Chrysemys_picta	Homo_sapiens	27.778	36	26	0	100	135	239	274	3.1	20.8
Homo_sapiens	Chrysemys_picta	27.778	36	26	0	239	274	100	135	1.5	20.4
Homo_sapiens	Chelonia_mydas	27.778	36	26	0	239	274	100	135	1.9	20.4
Homo_sapiens	Pelodiscus_sinensis	27.778	36	26	0	239	274	150	185	2.7	19.6
Homo_sapiens	Terrapene_carolina	27.778	36	26	0	239	274	100	135	1.5	20.4
Homo_sapiens	Alligator_sinensis	27.778	36	26	0	239	274	119	154	2.3	20
Mustela_putorius	Chrysemys_picta	27.778	36	26	0	243	278	185	220	0.89	21.2
Mustela_putorius	Chelonia_mydas	27.778	36	26	0	243	278	185	220	1.7	20.4
Mustela_putorius	Pelodiscus_sinensis	27.778	36	26	0	243	278	235	270	2.2	20
Mustela_putorius	Alligator_sinensis	27.778	36	26	0	243	278	204	239	2.2	20
Pan_troglodytes	Chrysemys_picta	27.778	36	26	0	239	274	100	135	1.4	20.8
Pan_troglodytes	Chelonia_mydas	27.778	36	26	0	239	274	100	135	1.8	20.4
Pan_troglodytes	Terrapene_carolina	27.778	36	26	0	239	274	100	135	1.4	20.8
Pan_troglodytes	Pelodiscus_sinensis	27.778	36	26	0	239	274	150	185	2.4	20
Pan_troglodytes	Alligator_sinensis	27.778	36	26	0	239	274	119	154	2.2	20
Pelodiscus_sinensis	Homo_sapiens	27.778	36	26	0	150	185	239	274	5.4	20
Pelodiscus_sinensis	Pan_troglodytes	27.778	36	26	0	150	185	239	274	5	20
Pelodiscus_sinensis	Mustela_putorius	27.778	36	26	0	235	270	243	278	4.5	20
Terrapene_carolina	Pan_troglodytes	27.778	36	26	0	100	135	239	274	3.4	20.4
Homo_sapiens	Chrysemys_picta	27.907	129	79	6	141	256	510	637	0.000577	31.6
Marmota_marmota	Pelodiscus_sinensis	27.907	43	25	1	91	127	32	74	2.1	20
Pelodiscus_sinensis	Marmota_marmota	27.907	43	25	1	32	74	91	127	4.8	20
Chelonia_mydas	Equus_caballus	28	50	25	1	544	593	193	231	6.6	19.6
Equus_caballus	Terrapene_carolina	28	50	25	1	193	231	503	552	2.9	19.6
Equus_caballus	Chelonia_mydas	28	50	25	1	193	231	544	593	3.2	19.6
Marmota_marmota	Pelodiscus_sinensis	28	75	44	3	26	92	146	218	1.4	20.8
Mustela_putorius	Chelonia_mydas	28	25	18	0	242	266	72	96	7.8	18.5
Pelodiscus_sinensis	Marmota_marmota	28	75	44	3	146	218	26	92	3.2	20.8
Chrysemys_picta	Pan_troglodytes	28.03	132	81	6	507	637	138	256	0.000129	34.7
Pan_troglodytes	Chelonia_mydas	28.148	135	75	7	127	248	480	605	0.037	25.8
Cynoglossus_semilaevis	Cyprinodon_variegatus	28.205	39	23	1	153	191	105	138	2.2	19.2
Castor_canadensis	Rhinatrema_bivittatum	28.261	46	29	1	24	65	109	154	2.5	19.6
Crocodylus_porosus	Panthera_tigris	28.261	92	50	3	135	221	133	213	0.12	23.9
Panthera_tigris	Crocodylus_porosus	28.261	92	50	3	133	213	135	221	0.18	23.1
Rhinatrema_bivittatum	Castor_canadensis	28.261	46	29	1	109	154	24	65	2.6	19.6
Cynoglossus_semilaevis	Poecilia_reticulata	28.387	155	98	5	52	200	54	201	1.16E-06	38.1
Poecilia_reticulata	Cynoglossus_semilaevis	28.387	155	98	5	54	201	52	200	1.16E-06	38.1
Apteryx_rowi	Fundulus_heteroclitus	28.571	70	41	1	13	82	67	127	6.5	17.7
Oreochromis_niloticus	Mus_musculus	28.571	112	73	5	2	111	121	227	0.56	21.2
Pelodiscus_sinensis	Piliocolobus_tephrosceles	28.571	42	29	1	373	414	1	41	3	20.8
Piliocolobus_tephrosceles	Pelodiscus_sinensis	28.571	42	29	1	1	41	373	414	1.2	20.8
Alligator_sinensis	Rhinatrema_bivittatum	28.626	262	133	7	316	528	13	269	5.35E-17	72
Pan_troglodytes	Chrysemys_picta	28.682	129	78	6	141	256	510	637	6.13E-05	34.7
Astyanax_mexicanus	Danio_rerio	28.704	216	124	14	1	206	1	196	9.33E-09	44.3
Bos_taurus	Mus_musculus	28.947	266	148	7	1	266	1	225	1.34E-16	68.2
Chrysemys_picta	Equus_caballus	28.947	76	37	3	568	637	193	257	0.32	23.9
Equus_caballus	Chrysemys_picta	28.947	76	37	3	193	257	568	637	0.15	23.9
Mus_musculus	Bos_taurus	28.947	266	148	7	1	225	1	266	1.15E-16	68.2
Oryzias_latipes	Cynoglossus_semilaevis	28.947	152	72	5	43	159	50	200	3.22E-08	42
Anabas_testudineus	Cyprinodon_variegatus	28.962	183	85	4	14	192	6	147	8.89E-17	65.5
Cynoglossus_semilaevis	Oryzias_latipes	28.966	145	69	4	56	200	49	159	3.89E-06	36.2
Chrysemys_picta	Marmota_marmota	29.032	31	22	0	607	637	221	251	2.5	21.2
Latimeria_chalumnae	Equus_caballus	29.032	62	43	1	60	120	19	80	1.3	20.8
Marmota_marmota	Chrysemys_picta	29.032	31	22	0	221	251	607	637	1.2	20.8
Cyprinodon_variegatus	Oryzias_latipes	29.07	172	84	3	1	147	1	159	1.17E-13	56.2
Castor_canadensis	Chrysemys_picta	29.167	48	28	2	195	242	596	637	3.6	19.2
Chrysemys_picta	Castor_canadensis	29.167	48	28	2	596	637	195	242	7.2	19.6
Cyprinodon_variegatus	Bos_taurus	29.167	24	17	0	46	69	77	100	6	17.3
Fundulus_heteroclitus	Astyanax_mexicanus	29.167	72	36	3	74	143	148	206	6.7	17.3
Nomascus_leucogenys	Alligator_sinensis	29.167	24	17	0	248	271	128	151	9.8	18.1
Equus_caballus	Pelodiscus_sinensis	29.268	41	28	1	202	242	590	629	6.6	18.5
Oreochromis_niloticus	Oryzias_latipes	29.5	200	94	6	1	198	2	156	1.44E-12	54.3
Lepisosteus_oculatus	Oryzias_latipes	29.545	44	29	1	91	134	60	101	0.71	20.4
Nomascus_leucogenys	Chrysemys_picta	29.63	27	19	0	248	274	109	135	9.3	18.1
Nomascus_leucogenys	Chelonia_mydas	29.63	27	19	0	248	274	109	135	9.4	18.1
Nomascus_leucogenys	Terrapene_carolina	29.63	27	19	0	248	274	109	135	8.8	18.1
Poecilia_reticulata	Panthera_tigris	29.63	54	28	2	68	121	185	228	9.8	17.3
Rhinatrema_bivittatum	Alligator_sinensis	29.63	216	102	5	56	269	361	528	6.61E-15	64.7
Alligator_sinensis	Nomascus_leucogenys	29.73	37	19	1	212	248	248	277	4.1	20
Piliocolobus_tephrosceles	Chelonia_mydas	29.787	47	27	2	56	96	122	168	5.1	18.9
Oryzias_latipes	Pundamilia_nyererei	29.861	144	64	3	49	156	56	198	1.27E-07	40.4
Aquila_chrysaetos	Rhinatrema_bivittatum	30	100	58	4	65	153	76	174	6.9E-07	38.9
Callithrix_jacchus	Oreochromis_niloticus	30	40	27	1	145	184	1	39	9	18.1
Oreochromis_niloticus	Callithrix_jacchus	30	40	27	1	1	39	145	184	6.1	18.1
Rhinatrema_bivittatum	Aquila_chrysaetos	30	100	58	4	76	174	65	153	1.02E-06	38.9
Oryzias_latipes	Maylandia_zebra	30.07	143	65	3	49	156	56	198	9.34E-08	40.8
Pundamilia_nyererei	Cynoglossus_semilaevis	30.114	176	113	4	25	198	30	197	7.1E-11	50.4
Oryzias_latipes	Cyprinodon_variegatus	30.233	172	82	3	1	159	1	147	5.73E-12	51.6
Chelonia_mydas	Lepisosteus_oculatus	30.357	56	29	3	320	374	6	52	6.9	19.2
Apteryx_rowi	Bos_taurus	30.556	72	38	4	37	103	32	96	7.3	17.7
Cyprinodon_variegatus	Anabas_testudineus	30.601	183	82	4	6	147	14	192	1.13E-19	72.8
Oreochromis_niloticus	Cynoglossus_semilaevis	30.601	183	103	5	25	198	30	197	1.46E-10	49.7
Aquila_chrysaetos	Nomascus_leucogenys	30.769	26	18	0	37	62	146	171	5	18.1
Aquila_chrysaetos	Pan_troglodytes	30.769	26	18	0	37	62	146	171	5.8	17.7
Mustela_putorius	Terrapene_carolina	30.769	52	25	1	193	233	501	552	0.46	22.3
Nomascus_leucogenys	Aquila_chrysaetos	30.769	26	18	0	146	171	37	62	7.6	18.1
Pan_troglodytes	Aquila_chrysaetos	30.769	26	18	0	146	171	37	62	8.9	17.7
Haplochromis_burtoni	Cynoglossus_semilaevis	30.89	191	92	7	25	198	30	197	8.72E-11	50.1
Maylandia_zebra	Cynoglossus_semilaevis	30.89	191	92	7	25	198	30	197	2.38E-10	48.9
Lepisosteus_oculatus	Astyanax_mexicanus	31.25	48	31	2	60	106	37	83	5.7	17.7
Stegastes_partitus	Oryzias_latipes	31.282	195	88	6	14	203	6	159	1.5E-13	57
Anabas_testudineus	Oryzias_latipes	31.298	131	70	3	62	192	49	159	4.25E-13	55.8
Oryzias_latipes	Poecilia_reticulata	31.343	201	95	7	2	159	1	201	3.69E-17	66.6
Astyanax_mexicanus	Fundulus_heteroclitus	31.429	35	24	0	65	99	51	85	4.5	18.1
Fundulus_heteroclitus	Astyanax_mexicanus	31.429	35	24	0	51	85	65	99	3.9	18.1
Neolamprologus_brichardi	Crocodylus_porosus	31.579	19	13	0	54	72	86	104	3.5	16.9
Neolamprologus_brichardi	Alligator_sinensis	31.579	19	13	0	54	72	389	407	6.1	16.5
Latimeria_chalumnae	Rhinatrema_bivittatum	31.731	104	54	4	28	118	28	127	3.01E-07	41.2
Kryptolebias_marmoratus	Pelodiscus_sinensis	31.818	22	15	0	34	55	445	466	7.5	17.7
Lepisosteus_oculatus	Pan_troglodytes	31.818	44	26	1	105	144	56	99	5.8	17.7
Lepisosteus_oculatus	Homo_sapiens	31.818	44	26	1	105	144	56	99	5.8	17.7
Homo_sapiens	Chelonia_mydas	31.915	47	26	2	56	96	122	168	0.67	21.6
Pan_troglodytes	Chelonia_mydas	31.915	47	26	2	56	96	122	168	0.72	21.6
Haplochromis_burtoni	Oryzias_latipes	31.944	144	61	4	56	198	49	156	6.12E-11	50.1
Mus_musculus	Vulpes_vulpes	32.143	280	142	11	1	234	1	278	1.97E-22	84.3
Otolemur_garnettii	Stegastes_partitus	32.143	28	12	2	4	26	79	104	4.8	18.5
Stegastes_partitus	Otolemur_garnettii	32.143	28	12	2	79	104	4	26	3.7	18.5
Vulpes_vulpes	Mus_musculus	32.143	280	142	11	1	278	1	234	1.26E-25	93.2
Crocodylus_porosus	Ursus_maritimus	32.308	65	34	3	157	221	160	214	0.046	25
Oryzias_latipes	Stegastes_partitus	32.308	195	86	6	6	159	14	203	1.39E-17	67.8
Ursus_maritimus	Crocodylus_porosus	32.308	65	34	3	160	214	157	221	0.06	24.6
Oryzias_latipes	Kryptolebias_marmoratus	32.323	198	94	8	2	159	13	210	1.29E-15	62.4
Crocodylus_porosus	Rhinatrema_bivittatum	32.364	275	167	8	1	262	1	269	8.86E-27	96.7
Acanthochromis_polyacanthus	Cyprinodon_variegatus	32.414	145	48	2	4	148	53	147	6.13E-12	51.2
Cyprinodon_variegatus	Acanthochromis_polyacanthus	32.414	145	48	2	53	147	4	148	3.38E-17	65.1
Alligator_sinensis	Piliocolobus_tephrosceles	32.5	40	27	0	310	349	7	46	0.47	23.1
Chelonia_mydas	Pan_troglodytes	32.609	46	25	2	122	167	56	95	1.7	21.6
Chelonia_mydas	Homo_sapiens	32.609	46	25	2	122	167	56	95	1.7	21.6
Oryzias_latipes	Haplochromis_burtoni	32.639	144	60	4	49	156	56	198	8.56E-08	40.8
Chelonia_mydas	Vulpes_vulpes	32.692	52	24	1	542	593	193	233	0.36	23.5
Terrapene_carolina	Vulpes_vulpes	32.692	52	24	1	501	552	193	233	0.32	23.9
Vulpes_vulpes	Chelonia_mydas	32.692	52	24	1	193	233	542	593	0.16	23.5
Maylandia_zebra	Oryzias_latipes	32.867	143	61	4	56	198	49	156	7.62E-11	49.7
Oryzias_latipes	Anabas_testudineus	32.877	146	76	4	36	159	47	192	7.92E-15	60.1
Ursus_maritimus	Chrysemys_picta	32.877	73	41	3	193	258	566	637	0.000682	31.2
Chrysemys_picta	Vulpes_vulpes	32.927	82	30	4	566	637	193	259	0.005	29.6
Vulpes_vulpes	Chrysemys_picta	32.927	82	30	4	193	259	566	637	0.002	29.6
Anabas_testudineus	Fundulus_heteroclitus	32.934	167	67	3	26	192	22	143	1.14E-22	80.5
Fundulus_heteroclitus	Anabas_testudineus	32.934	167	67	3	22	143	26	192	8.47E-23	80.5
Mus_musculus	Mustela_putorius	32.975	279	141	10	1	234	1	278	9.97E-26	93.2
Mustela_putorius	Mus_musculus	32.975	279	141	10	1	278	1	234	1.18E-25	93.2
Haplochromis_burtoni	Cyprinodon_variegatus	33.171	205	77	5	1	203	1	147	8.17E-20	73.6
Acanthochromis_polyacanthus	Oryzias_latipes	33.333	141	63	6	9	148	49	159	2.84E-11	49.7
Alligator_sinensis	Homo_sapiens	33.333	24	16	0	212	235	248	271	3.7	20
Alligator_sinensis	Pan_troglodytes	33.333	24	16	0	212	235	248	271	5.4	19.6
Apteryx_rowi	Latimeria_chalumnae	33.333	21	14	0	104	124	189	209	6.4	18.1
Aquila_chrysaetos	Chelonia_mydas	33.333	33	19	1	65	97	277	306	1.6	19.6
Aquila_chrysaetos	Ursus_maritimus	33.333	51	29	3	22	71	87	133	3.8	18.5
Callithrix_jacchus	Alligator_sinensis	33.333	33	18	1	91	119	473	505	6.7	18.5
Chelonia_mydas	Chrysemys_picta	33.333	15	10	0	187	201	623	637	9.8	19.2
Chelonia_mydas	Aquila_chrysaetos	33.333	33	19	1	277	306	65	97	5.9	19.6
Chelonia_mydas	Pan_troglodytes	33.333	24	16	0	193	216	248	271	5.3	20
Chelonia_mydas	Homo_sapiens	33.333	24	16	0	193	216	248	271	3.8	20.4
Chelonia_mydas	Nomascus_leucogenys	33.333	24	16	0	193	216	248	271	4.3	20
Chelonia_mydas	Cynoglossus_semilaevis	33.333	36	16	2	533	568	39	66	4.1	20
Chrysemys_picta	Pan_troglodytes	33.333	24	16	0	193	216	248	271	5.5	20
Chrysemys_picta	Homo_sapiens	33.333	24	16	0	193	216	248	271	4.2	20.4
Chrysemys_picta	Nomascus_leucogenys	33.333	24	16	0	193	216	248	271	4.4	20.4
Chrysemys_picta	Otolemur_garnettii	33.333	48	26	2	596	637	193	240	0.027	27.3
Chrysemys_picta	Cynoglossus_semilaevis	33.333	36	16	2	557	592	39	66	5.4	20
Cynoglossus_semilaevis	Chelonia_mydas	33.333	36	16	2	39	66	533	568	1.2	20.4
Cynoglossus_semilaevis	Chrysemys_picta	33.333	36	16	2	39	66	557	592	1.5	20
Cynoglossus_semilaevis	Terrapene_carolina	33.333	36	16	2	39	66	492	527	1.8	19.6
Homo_sapiens	Chrysemys_picta	33.333	24	16	0	248	271	193	216	2	20
Homo_sapiens	Chelonia_mydas	33.333	24	16	0	248	271	193	216	2	20
Homo_sapiens	Pelodiscus_sinensis	33.333	24	16	0	248	271	243	266	2.1	20
Homo_sapiens	Terrapene_carolina	33.333	24	16	0	248	271	165	188	2	20
Homo_sapiens	Alligator_sinensis	33.333	24	16	0	248	271	212	235	2.1	20
Homo_sapiens	Alligator_sinensis	33.333	27	18	0	7	33	310	336	4.7	18.9
Lepisosteus_oculatus	Rhinatrema_bivittatum	33.333	30	20	0	60	89	237	266	3.4	18.5
Lepisosteus_oculatus	Mus_musculus	33.333	45	27	1	77	118	91	135	0.15	22.7
Maylandia_zebra	Fundulus_heteroclitus	33.333	108	58	4	101	199	39	141	4.39E-11	50.1
Mus_musculus	Lepisosteus_oculatus	33.333	45	27	1	91	135	77	118	0.28	22.3
Mustela_putorius	Chelonia_mydas	33.333	63	35	3	193	250	542	602	0.23	23.1
Nomascus_leucogenys	Chrysemys_picta	33.333	24	16	0	248	271	193	216	2.1	20
Nomascus_leucogenys	Chelonia_mydas	33.333	24	16	0	248	271	193	216	2.2	20
Nomascus_leucogenys	Chelonia_mydas	33.333	42	26	1	83	122	543	584	7.6	18.5
Nomascus_leucogenys	Pelodiscus_sinensis	33.333	24	16	0	248	271	243	266	2.3	20
Nomascus_leucogenys	Terrapene_carolina	33.333	24	16	0	248	271	165	188	2.1	20
Nomascus_leucogenys	Alligator_sinensis	33.333	24	16	0	248	271	212	235	2.4	20
Oryzias_latipes	Acanthochromis_polyacanthus	33.333	141	63	7	49	159	9	148	5.83E-12	51.6
Otolemur_garnettii	Chrysemys_picta	33.333	48	26	2	193	240	596	637	0.014	26.9
Pan_troglodytes	Chrysemys_picta	33.333	24	16	0	248	271	193	216	2.6	20
Pan_troglodytes	Chelonia_mydas	33.333	24	16	0	248	271	193	216	2.6	20
Pan_troglodytes	Terrapene_carolina	33.333	24	16	0	248	271	165	188	2.6	20
Pan_troglodytes	Pelodiscus_sinensis	33.333	24	16	0	248	271	243	266	2.7	19.6
Pan_troglodytes	Alligator_sinensis	33.333	24	16	0	248	271	212	235	2.9	19.6
Pan_troglodytes	Alligator_sinensis	33.333	27	18	0	7	33	310	336	6.4	18.5
Pelodiscus_sinensis	Chrysemys_picta	33.333	15	10	0	237	251	623	637	10	19.2
Pelodiscus_sinensis	Homo_sapiens	33.333	24	16	0	243	266	248	271	4.6	20
Pelodiscus_sinensis	Pan_troglodytes	33.333	24	16	0	243	266	248	271	5.8	20
Pelodiscus_sinensis	Nomascus_leucogenys	33.333	24	16	0	243	266	248	271	5	20
Piliocolobus_tephrosceles	Alligator_sinensis	33.333	27	18	0	7	33	310	336	4.4	19.2
Pundamilia_nyererei	Fundulus_heteroclitus	33.333	108	58	4	101	199	39	141	4.9E-11	50.1
Pundamilia_nyererei	Oryzias_latipes	33.333	144	59	4	56	198	49	156	1.18E-10	49.3
Terrapene_carolina	Pan_troglodytes	33.333	24	16	0	165	188	248	271	5.1	20
Terrapene_carolina	Homo_sapiens	33.333	24	16	0	165	188	248	271	3.8	20.4
Terrapene_carolina	Nomascus_leucogenys	33.333	24	16	0	165	188	248	271	4.1	20
Terrapene_carolina	Cynoglossus_semilaevis	33.333	36	16	2	492	527	39	66	5.1	19.6
Ursus_maritimus	Aquila_chrysaetos	33.333	51	29	3	87	133	22	71	5.9	18.5
Oryzias_latipes	Oreochromis_niloticus	33.566	143	60	4	49	156	56	198	2.29E-11	50.8
Fundulus_heteroclitus	Oryzias_latipes	33.714	175	67	5	1	143	2	159	3.47E-18	67.8
Rhinatrema_bivittatum	Crocodylus_porosus	33.784	222	132	6	51	269	53	262	1.2E-23	88.2
Ursus_maritimus	Terrapene_carolina	33.871	62	34	2	193	248	501	561	0.012	27.3
Homo_sapiens	Alligator_sinensis	34.091	44	23	2	83	122	467	508	4.4	19.2
Lepisosteus_oculatus	Nomascus_leucogenys	34.091	44	25	1	105	144	56	99	0.52	20.8
Nomascus_leucogenys	Alligator_sinensis	34.091	44	23	2	83	122	467	508	9.6	18.1
Pan_troglodytes	Alligator_sinensis	34.091	44	23	2	83	122	467	508	6	18.5
Haplochromis_burtoni	Fundulus_heteroclitus	34.328	201	70	4	1	199	1	141	3.87E-27	92.4
Aquila_chrysaetos	Poecilia_reticulata	34.483	29	17	1	39	65	149	177	6.3	17.7
Cynoglossus_semilaevis	Lepisosteus_oculatus	34.483	29	19	0	67	95	91	119	6.3	17.7
Otolemur_garnettii	Chrysemys_picta	34.483	29	19	0	232	260	137	165	8.2	18.1
Poecilia_reticulata	Aquila_chrysaetos	34.483	29	17	1	149	177	39	65	7	17.7
Mus_musculus	Ursus_maritimus	34.52	281	133	13	1	234	1	277	2.83E-30	105
Ursus_maritimus	Mus_musculus	34.52	281	133	13	1	277	1	234	3.35E-30	105
Cyprinodon_variegatus	Cynoglossus_semilaevis	34.568	81	42	1	1	81	10	79	3.37E-07	38.9
Oreochromis_niloticus	Cyprinodon_variegatus	34.634	205	74	5	1	203	1	147	3.28E-21	77.4
Anabas_testudineus	Cynoglossus_semilaevis	34.783	161	75	6	54	192	48	200	7.68E-17	66.6
Cynoglossus_semilaevis	Anabas_testudineus	34.783	161	75	6	48	200	54	192	8E-17	66.6
Cyprinodon_variegatus	Stegastes_partitus	34.783	23	15	0	97	119	6	28	7.5	17.3
Mus_musculus	Otolemur_garnettii	34.783	276	117	13	1	232	1	257	2.5E-29	102
Otolemur_garnettii	Mus_musculus	34.783	276	117	13	1	257	1	232	2.78E-29	102
Alligator_sinensis	Nomascus_leucogenys	35	40	26	0	310	349	7	46	0.12	25
Alligator_sinensis	Homo_sapiens	35	40	26	0	310	349	7	46	0.18	24.3
Alligator_sinensis	Pan_troglodytes	35	40	26	0	310	349	7	46	0.22	24.3
Pelodiscus_sinensis	Rhinatrema_bivittatum	35.018	277	154	10	373	631	1	269	4.45E-27	102
Rhinatrema_bivittatum	Pelodiscus_sinensis	35.018	277	154	10	1	269	373	631	1.77E-27	102
Cynoglossus_semilaevis	Cyprinodon_variegatus	35.065	77	39	1	10	75	1	77	2.89E-06	36.6
Lepisosteus_oculatus	Chelonia_mydas	35.135	37	20	2	6	39	320	355	2.8	18.9
Pelodiscus_sinensis	Apteryx_rowi	35.165	182	94	6	373	544	1	168	8.48E-19	76.3
Vulpes_vulpes	Terrapene_carolina	35.185	54	20	2	193	233	501	552	0.18	23.5
Acanthochromis_polyacanthus	Apteryx_rowi	35.294	17	11	0	125	141	119	135	7.1	17.3
Alligator_sinensis	Ursus_maritimus	35.294	34	18	1	470	503	197	226	6	19.6
Apteryx_rowi	Pelodiscus_sinensis	35.294	187	87	7	1	168	373	544	1.63E-20	80.1
Apteryx_rowi	Acanthochromis_polyacanthus	35.294	17	11	0	119	135	125	141	9.3	17.3
Oreochromis_niloticus	Pan_troglodytes	35.294	34	20	1	22	55	167	198	7	17.7
Pan_troglodytes	Oreochromis_niloticus	35.294	34	20	1	167	198	22	55	7.8	18.1
Ursus_maritimus	Alligator_sinensis	35.294	34	18	1	197	226	470	503	3.1	19.6
Kryptolebias_marmoratus	Cyprinodon_variegatus	35.323	201	73	4	13	210	1	147	2.59E-24	85.5
Lepisosteus_oculatus	Cynoglossus_semilaevis	35.484	31	20	0	91	121	67	97	1.1	19.6
Ursus_maritimus	Chelonia_mydas	35.484	62	33	2	193	248	542	602	0.005	28.5
Fundulus_heteroclitus	Nomascus_leucogenys	35.714	14	9	0	82	95	195	208	3.6	18.1
Lepisosteus_oculatus	Alligator_sinensis	35.714	28	18	0	45	72	398	425	0.14	22.7
Nomascus_leucogenys	Fundulus_heteroclitus	35.714	14	9	0	195	208	82	95	6.9	18.1
Cyprinodon_variegatus	Kryptolebias_marmoratus	35.821	201	72	4	1	147	13	210	1.51E-30	101
Fundulus_heteroclitus	Kryptolebias_marmoratus	35.821	201	68	4	1	143	13	210	7.51E-29	96.7
Kryptolebias_marmoratus	Fundulus_heteroclitus	35.821	201	68	4	13	210	1	143	1.1E-28	96.7
Acanthochromis_polyacanthus	Cynoglossus_semilaevis	35.849	159	85	6	1	148	48	200	6.47E-16	62.8
Cynoglossus_semilaevis	Stegastes_partitus	35.849	159	86	6	48	200	55	203	1.41E-17	68.9
Cynoglossus_semilaevis	Acanthochromis_polyacanthus	35.849	159	85	6	48	200	1	148	8.75E-16	62.8
Stegastes_partitus	Cynoglossus_semilaevis	35.849	159	86	6	55	203	48	200	1.43E-17	68.9
Acanthochromis_polyacanthus	Fundulus_heteroclitus	35.862	145	39	2	4	148	53	143	3.19E-20	72.8
Fundulus_heteroclitus	Acanthochromis_polyacanthus	35.862	145	39	2	53	143	4	148	3.08E-20	72.8
Oryzias_latipes	Fundulus_heteroclitus	36	175	63	6	2	159	1	143	5.54E-20	72.8
Latimeria_chalumnae	Pelodiscus_sinensis	36.066	61	36	1	66	126	447	504	1.09E-07	43.1
Crocodylus_porosus	Alligator_sinensis	36.364	22	11	1	4	25	95	113	9.4	18.1
Chrysemys_picta	Rhinatrema_bivittatum	36.429	280	156	11	361	629	1	269	1.61E-32	117
Rhinatrema_bivittatum	Chrysemys_picta	36.429	280	156	11	1	269	361	629	1.05E-29	108
Alligator_sinensis	Chrysemys_picta	36.523	512	215	12	76	528	169	629	1.28E-68	224
Mus_musculus	Panthera_tigris	36.749	283	125	11	1	234	1	278	1.88E-29	103
Panthera_tigris	Mus_musculus	36.749	283	125	11	1	278	1	234	4.1E-33	112
Chelonia_mydas	Rhinatrema_bivittatum	36.786	280	155	11	337	605	1	269	4.66E-31	113
Rhinatrema_bivittatum	Terrapene_carolina	36.786	280	155	11	1	269	296	564	7.73E-30	108
Rhinatrema_bivittatum	Chelonia_mydas	36.786	280	155	11	1	269	337	605	3.28E-28	103
Terrapene_carolina	Rhinatrema_bivittatum	36.786	280	155	11	296	564	1	269	6.71E-33	118
Anabas_testudineus	Kryptolebias_marmoratus	36.792	212	103	7	3	192	8	210	4.01E-33	109
Kryptolebias_marmoratus	Anabas_testudineus	36.792	212	103	7	8	210	3	192	4.39E-33	109
Equus_caballus	Mus_musculus	36.823	277	131	9	1	276	1	234	8.11E-34	114
Mus_musculus	Equus_caballus	36.823	277	131	9	1	234	1	276	6.87E-34	114
Lepisosteus_oculatus	Rhinatrema_bivittatum	36.842	57	28	2	4	60	60	108	0.005	26.9
Lepisosteus_oculatus	Vulpes_vulpes	36.842	38	21	1	97	131	8	45	3.2	18.5
Rhinatrema_bivittatum	Latimeria_chalumnae	36.957	46	26	1	70	112	58	103	0.000105	33.5
Aquila_chrysaetos	Piliocolobus_tephrosceles	37.037	27	14	1	46	69	35	61	9.3	17.3
Cyprinodon_variegatus	Stegastes_partitus	37.113	194	68	3	5	147	13	203	3.59E-33	107
Stegastes_partitus	Cyprinodon_variegatus	37.113	194	68	3	13	203	5	147	9.21E-28	94.4
Terrapene_carolina	Aquila_chrysaetos	37.121	132	55	5	299	427	15	121	1.17E-15	66.2
Poecilia_reticulata	Astyanax_mexicanus	37.143	35	22	0	51	85	65	99	0.042	24.6
Aquila_chrysaetos	Terrapene_carolina	37.209	129	59	4	15	121	299	427	1.24E-12	56.2
Chrysemys_picta	Panthera_tigris	37.333	75	36	3	566	637	192	258	0.000167	34.3
Panthera_tigris	Chrysemys_picta	37.333	75	36	3	192	258	566	637	8.62E-05	33.9
Crocodylus_porosus	Aquila_chrysaetos	37.405	131	56	4	4	132	15	121	1.33E-15	64.3
Callithrix_jacchus	Mus_musculus	37.455	275	127	10	1	273	1	232	7.67E-32	109
Mus_musculus	Callithrix_jacchus	37.455	275	127	10	1	232	1	273	5.35E-28	99
Apteryx_rowi	Rhinatrema_bivittatum	37.5	72	45	0	41	112	43	114	9.01E-12	53.9
Chelonia_mydas	Aquila_chrysaetos	37.5	136	66	3	333	468	5	121	6.1E-15	64.3
Chelonia_mydas	Pan_troglodytes	37.5	16	10	0	81	96	248	263	7.8	19.2
Chelonia_mydas	Panthera_tigris	37.5	64	32	2	542	605	192	247	0.02	27.7
Chelonia_mydas	Homo_sapiens	37.5	16	10	0	81	96	248	263	8.2	19.2
Chelonia_mydas	Nomascus_leucogenys	37.5	16	10	0	81	96	248	263	7.9	19.2
Homo_sapiens	Chrysemys_picta	37.5	16	10	0	248	263	81	96	7	18.5
Homo_sapiens	Chelonia_mydas	37.5	16	10	0	248	263	81	96	4.2	19.2
Homo_sapiens	Terrapene_carolina	37.5	16	10	0	248	263	81	96	6.6	18.5
Lepisosteus_oculatus	Pelodiscus_sinensis	37.5	24	15	0	45	68	462	485	0.21	22.3
Nomascus_leucogenys	Chrysemys_picta	37.5	16	10	0	248	263	81	96	6.4	18.5
Nomascus_leucogenys	Chelonia_mydas	37.5	16	10	0	248	263	81	96	4.1	19.2
Nomascus_leucogenys	Pelodiscus_sinensis	37.5	16	10	0	248	263	131	146	9.6	18.1
Nomascus_leucogenys	Terrapene_carolina	37.5	16	10	0	248	263	81	96	6.2	18.5
Pan_troglodytes	Chrysemys_picta	37.5	16	10	0	248	263	81	96	6.3	18.5
Pan_troglodytes	Chelonia_mydas	37.5	16	10	0	248	263	81	96	4.1	19.2
Pan_troglodytes	Terrapene_carolina	37.5	16	10	0	248	263	81	96	6.1	18.5
Pan_troglodytes	Pelodiscus_sinensis	37.5	16	10	0	248	263	131	146	9.6	18.1
Panthera_tigris	Terrapene_carolina	37.5	64	32	2	192	247	501	564	0.009	27.7
Panthera_tigris	Chelonia_mydas	37.5	64	32	2	192	247	542	605	0.01	27.3
Terrapene_carolina	Panthera_tigris	37.5	64	32	2	501	564	192	247	0.017	27.7
Latimeria_chalumnae	Crocodylus_porosus	37.736	53	30	1	70	122	84	133	4.19E-08	43.9
Cyprinodon_variegatus	Astyanax_mexicanus	37.931	29	18	0	59	87	73	101	1.4	19.2
Neolamprologus_brichardi	Kryptolebias_marmoratus	38.095	21	12	1	28	47	60	80	4.1	16.9
Homo_sapiens	Oreochromis_niloticus	38.235	34	19	1	167	198	22	55	2.5	19.6
Oreochromis_niloticus	Homo_sapiens	38.235	34	19	1	22	55	167	198	2.2	19.2
Bos_taurus	Danio_rerio	38.71	31	18	1	153	182	155	185	5.2	18.5
Danio_rerio	Bos_taurus	38.71	31	18	1	155	185	153	182	3.8	18.5
Chrysemys_picta	Aquila_chrysaetos	38.931	131	54	5	364	492	15	121	2.6E-15	65.5
Fundulus_heteroclitus	Stegastes_partitus	39.175	194	60	3	5	143	13	203	6.63E-36	114
Stegastes_partitus	Fundulus_heteroclitus	39.175	194	60	3	13	203	5	143	9.41E-36	114
Crocodylus_porosus	Latimeria_chalumnae	39.216	51	25	2	68	112	51	101	6.23E-06	37
Lepisosteus_oculatus	Otolemur_garnettii	39.394	33	17	1	118	150	29	58	0.38	21.2
Marmota_marmota	Mus_musculus	39.394	264	116	9	1	260	1	224	1.27E-39	129
Mus_musculus	Marmota_marmota	39.394	264	116	9	1	224	1	260	1.1E-39	129
Apteryx_rowi	Chrysemys_picta	39.56	182	93	6	1	168	361	539	1.35E-24	91.7
Chrysemys_picta	Apteryx_rowi	39.56	182	93	6	361	539	1	168	3.27E-24	92
Anabas_testudineus	Poecilia_reticulata	39.583	192	93	5	21	192	13	201	1.57E-32	107
Poecilia_reticulata	Anabas_testudineus	39.583	192	93	5	13	201	21	192	1.64E-32	107
Mus_musculus	Nomascus_leucogenys	39.636	275	121	10	1	232	1	273	1.29E-40	132
Nomascus_leucogenys	Mus_musculus	39.636	275	121	10	1	273	1	232	1.53E-40	132
Apteryx_rowi	Piliocolobus_tephrosceles	40	15	9	0	2	16	58	72	9.5	17.3
Cynoglossus_semilaevis	Maylandia_zebra	40	60	31	1	30	84	25	84	3.33E-08	42.7
Danio_rerio	Terrapene_carolina	40	20	12	0	110	129	149	168	3.9	18.5
Kryptolebias_marmoratus	Panthera_tigris	40	20	12	0	34	53	146	165	4.6	18.5
Latimeria_chalumnae	Pelodiscus_sinensis	40	30	15	1	243	272	49	75	3.2	19.6
Lepisosteus_oculatus	Callithrix_jacchus	40	30	17	1	115	144	71	99	0.49	21.2
Mus_musculus	Pan_troglodytes	40	275	120	10	1	232	1	273	1.58E-40	132
Pan_troglodytes	Mus_musculus	40	275	120	10	1	273	1	232	1.87E-40	132
Panthera_tigris	Kryptolebias_marmoratus	40	20	12	0	146	165	34	53	7.6	18.1
Vulpes_vulpes	Chelonia_mydas	40	15	9	0	252	266	82	96	9.1	18.1
Apteryx_rowi	Chelonia_mydas	40.11	182	92	6	1	168	337	515	4E-25	93.2
Poecilia_reticulata	Maylandia_zebra	40.11	182	105	2	21	199	19	199	2.31E-27	94.7
Aquila_chrysaetos	Pelodiscus_sinensis	40.179	112	49	4	26	121	395	504	2.97E-15	63.9
Pelodiscus_sinensis	Aquila_chrysaetos	40.179	112	49	4	395	504	26	121	9.41E-15	63.9
Anabas_testudineus	Maylandia_zebra	40.323	186	82	6	29	190	19	199	1.02E-26	92.8
Rhinatrema_bivittatum	Lepisosteus_oculatus	40.385	52	23	2	60	103	4	55	0.015	26.2
Alligator_sinensis	Aquila_chrysaetos	40.404	99	43	1	325	423	25	107	2.26E-14	62.4
Lepisosteus_oculatus	Haplochromis_burtoni	40.541	37	14	2	91	127	67	95	0.82	20.4
Apteryx_rowi	Terrapene_carolina	40.659	182	91	6	1	168	296	474	3.31E-26	96.3
Poecilia_reticulata	Haplochromis_burtoni	40.659	182	104	2	21	199	19	199	3.79E-28	96.7
Poecilia_reticulata	Pundamilia_nyererei	40.659	182	104	2	21	199	19	199	6.25E-28	96.3
Terrapene_carolina	Apteryx_rowi	40.659	182	91	6	296	474	1	168	5.49E-26	97.1
Homo_sapiens	Mus_musculus	40.727	275	118	10	1	273	1	232	1.27E-41	135
Mus_musculus	Homo_sapiens	40.727	275	118	10	1	232	1	273	1.07E-41	135
Callithrix_jacchus	Rhinatrema_bivittatum	40.741	27	15	1	62	88	30	55	9.1	18.1
Cyprinodon_variegatus	Rhinatrema_bivittatum	40.741	27	14	1	93	117	239	265	0.13	22.7
Rhinatrema_bivittatum	Cyprinodon_variegatus	40.741	27	14	1	239	265	93	117	0.22	22.7
Rhinatrema_bivittatum	Callithrix_jacchus	40.741	27	15	1	30	55	62	88	7.4	18.1
Chelonia_mydas	Apteryx_rowi	40.761	184	88	7	337	515	1	168	2.04E-25	95.5
Apteryx_rowi	Crocodylus_porosus	40.845	213	110	6	1	204	1	206	1.08E-34	115
Anabas_testudineus	Haplochromis_burtoni	40.86	186	81	6	29	190	19	199	9.15E-28	95.5
Anabas_testudineus	Pundamilia_nyererei	40.86	186	81	6	29	190	19	199	1.89E-27	94.7
Mus_musculus	Piliocolobus_tephrosceles	40.876	274	117	10	1	232	1	271	7.19E-41	132
Piliocolobus_tephrosceles	Mus_musculus	40.876	274	117	10	1	271	1	232	8.42E-41	132
Callithrix_jacchus	Haplochromis_burtoni	40.909	22	12	1	150	171	25	45	5.8	18.5
Callithrix_jacchus	Pundamilia_nyererei	40.909	22	12	1	150	171	25	45	6	18.5
Callithrix_jacchus	Maylandia_zebra	40.909	22	12	1	150	171	25	45	6	18.5
Chelonia_mydas	Crocodylus_porosus	40.909	22	10	1	76	94	4	25	8.7	19.2
Crocodylus_porosus	Chelonia_mydas	40.909	22	10	1	4	25	76	94	3.3	19.2
Haplochromis_burtoni	Callithrix_jacchus	40.909	22	12	1	25	45	150	171	3.5	18.9
Latimeria_chalumnae	Alligator_sinensis	40.909	44	23	1	70	113	387	427	2.86E-07	42
Lepisosteus_oculatus	Equus_caballus	40.909	22	13	0	115	136	26	47	5.1	17.7
Maylandia_zebra	Callithrix_jacchus	40.909	22	12	1	25	45	150	171	3.5	18.9
Pundamilia_nyererei	Callithrix_jacchus	40.909	22	12	1	25	45	150	171	3.5	18.9
Cynoglossus_semilaevis	Haplochromis_burtoni	40.984	61	31	1	30	85	25	85	6E-09	45.1
Aquila_chrysaetos	Piliocolobus_tephrosceles	41.176	17	10	0	99	115	158	174	9.9	17.3
Maylandia_zebra	Poecilia_reticulata	41.361	191	108	2	10	199	12	199	7.4E-39	124
Maylandia_zebra	Cyprinodon_variegatus	41.379	58	32	1	146	203	92	147	4.78E-05	33.1
Neolamprologus_brichardi	Cyprinodon_variegatus	41.379	58	32	1	22	79	92	147	8.46E-06	32.7
Pundamilia_nyererei	Cyprinodon_variegatus	41.379	58	32	1	146	203	92	147	4.31E-05	33.1
Alligator_sinensis	Panthera_tigris	41.463	41	17	1	470	510	196	229	1.3	21.6
Panthera_tigris	Alligator_sinensis	41.463	41	17	1	196	229	470	510	0.69	21.6
Pundamilia_nyererei	Poecilia_reticulata	41.584	202	112	3	1	199	1	199	1.73E-39	126
Cynoglossus_semilaevis	Pundamilia_nyererei	41.667	60	30	1	30	84	25	84	7.13E-09	44.7
Homo_sapiens	Pelodiscus_sinensis	41.667	12	7	0	92	103	94	105	8.1	18.1
Pan_troglodytes	Pelodiscus_sinensis	41.667	12	7	0	92	103	94	105	7.5	18.5
Poecilia_reticulata	Oryzias_latipes	41.667	84	39	2	1	84	2	75	2.07E-12	53.9
Maylandia_zebra	Anabas_testudineus	41.753	194	84	6	11	199	21	190	4.01E-35	114
Haplochromis_burtoni	Poecilia_reticulata	41.885	191	107	2	10	199	12	199	1.17E-39	126
Kryptolebias_marmoratus	Oryzias_latipes	41.975	81	40	2	13	93	2	75	7.96E-11	49.7
Maylandia_zebra	Cyprinodon_variegatus	42.056	107	60	1	1	105	1	107	4.74E-18	68.9
Castor_canadensis	Mus_musculus	42.066	271	110	10	1	261	1	234	1.33E-39	129
Mus_musculus	Castor_canadensis	42.066	271	110	10	1	234	1	261	1.2E-39	129
Oreochromis_niloticus	Poecilia_reticulata	42.079	202	111	3	1	199	1	199	1.11E-39	126
Haplochromis_burtoni	Pelodiscus_sinensis	42.105	19	11	0	39	57	423	441	9	17.7
Oreochromis_niloticus	Pelodiscus_sinensis	42.105	19	11	0	39	57	423	441	9.7	17.3
Pundamilia_nyererei	Pelodiscus_sinensis	42.105	19	11	0	39	57	423	441	9.9	17.3
Haplochromis_burtoni	Anabas_testudineus	42.268	194	83	6	11	199	21	190	3.34E-36	117
Pundamilia_nyererei	Anabas_testudineus	42.268	194	83	6	11	199	21	190	7.1E-36	116
Rhinatrema_bivittatum	Apteryx_rowi	42.373	59	34	0	56	114	54	112	4.39E-11	52
Equus_caballus	Alligator_sinensis	42.424	33	17	1	8	40	368	398	4.5	18.9
Pelodiscus_sinensis	Latimeria_chalumnae	42.5	40	20	1	447	483	66	105	1.7E-05	37.4
Anabas_testudineus	Fundulus_heteroclitus	42.857	21	12	0	108	128	7	27	2.7	18.9
Cynoglossus_semilaevis	Pelodiscus_sinensis	42.857	14	8	0	36	49	559	572	4.9	18.5
Equus_caballus	Latimeria_chalumnae	42.857	28	15	1	19	46	60	86	1.2	20.8
Fundulus_heteroclitus	Anabas_testudineus	42.857	21	12	0	7	27	108	128	2	18.9
Haplochromis_burtoni	Pelodiscus_sinensis	42.857	14	8	0	75	88	70	83	4.7	18.5
Marmota_marmota	Pelodiscus_sinensis	42.857	14	8	0	22	35	476	489	6.3	18.5
Marmota_marmota	Chelonia_mydas	42.857	14	8	0	22	35	440	453	6.5	18.5
Maylandia_zebra	Pelodiscus_sinensis	42.857	14	8	0	75	88	70	83	7	18.1
Oreochromis_niloticus	Pelodiscus_sinensis	42.857	14	8	0	75	88	70	83	7.4	17.7
Poecilia_reticulata	Oreochromis_niloticus	42.857	182	100	2	21	199	19	199	3.54E-32	107
Pundamilia_nyererei	Pelodiscus_sinensis	42.857	14	8	0	75	88	70	83	7.2	17.7
Maylandia_zebra	Fundulus_heteroclitus	42.991	107	59	1	1	105	1	107	6.7E-23	81.6
Pundamilia_nyererei	Cyprinodon_variegatus	42.991	107	59	1	1	105	1	107	3.22E-18	69.3
Anabas_testudineus	Oreochromis_niloticus	43.011	186	77	6	29	190	19	199	4.37E-32	106
Oreochromis_niloticus	Anabas_testudineus	43.011	186	77	6	19	199	29	190	1.1E-34	113
Lepisosteus_oculatus	Maylandia_zebra	43.243	37	13	2	91	127	67	95	0.17	22.3
Lepisosteus_oculatus	Pundamilia_nyererei	43.243	37	13	2	91	127	67	95	0.18	22.3
Lepisosteus_oculatus	Oreochromis_niloticus	43.243	37	13	2	91	127	67	95	0.4	21.2
Cynoglossus_semilaevis	Oreochromis_niloticus	43.333	60	29	1	30	84	25	84	2.8E-09	45.8
Cyprinodon_variegatus	Maylandia_zebra	43.678	87	49	0	21	107	19	105	1.21E-19	72.8
Fundulus_heteroclitus	Maylandia_zebra	43.678	87	49	0	23	109	21	107	2.19E-21	77
Fundulus_heteroclitus	Mus_musculus	43.75	16	9	0	3	18	78	93	4.4	17.7
Latimeria_chalumnae	Apteryx_rowi	43.75	32	18	0	78	109	85	116	1.08E-05	36.2
Mus_musculus	Fundulus_heteroclitus	43.75	16	9	0	78	93	3	18	7.1	17.7
Kryptolebias_marmoratus	Maylandia_zebra	43.889	180	93	5	38	210	25	203	1.75E-29	100
Chrysemys_picta	Alligator_sinensis	43.919	296	112	5	339	629	282	528	5.87E-58	195
Acanthochromis_polyacanthus	Neolamprologus_brichardi	44.118	68	35	1	82	146	8	75	2.94E-07	37.4
Poecilia_reticulata	Neolamprologus_brichardi	44.118	68	37	1	132	199	9	75	0.000596	28.9
Maylandia_zebra	Kryptolebias_marmoratus	44.39	205	105	6	1	203	13	210	2.41E-41	131
Alligator_sinensis	Latimeria_chalumnae	44.444	36	17	1	383	415	66	101	2.33E-05	36.6
Kryptolebias_marmoratus	Pundamilia_nyererei	44.444	180	92	5	38	210	25	203	1.57E-29	100
Latimeria_chalumnae	Castor_canadensis	44.444	18	10	0	46	63	76	93	4.8	18.9
Acanthochromis_polyacanthus	Poecilia_reticulata	44.737	152	74	3	4	148	53	201	2.83E-34	110
Poecilia_reticulata	Acanthochromis_polyacanthus	44.737	152	74	3	53	201	4	148	3.84E-34	110
Cyprinodon_variegatus	Haplochromis_burtoni	44.828	87	48	0	21	107	19	105	2.11E-20	74.7
Cyprinodon_variegatus	Pundamilia_nyererei	44.828	87	48	0	21	107	19	105	8.28E-20	73.2
Fundulus_heteroclitus	Haplochromis_burtoni	44.828	87	48	0	23	109	21	107	2.29E-22	79.7
Pundamilia_nyererei	Kryptolebias_marmoratus	44.878	205	104	6	1	203	13	210	1.5E-41	131
Kryptolebias_marmoratus	Haplochromis_burtoni	45	180	91	5	38	210	25	203	2.98E-32	107
Crocodylus_porosus	Apteryx_rowi	45.198	177	85	5	1	174	1	168	5.36E-37	122
Apteryx_rowi	Aquila_chrysaetos	45.312	192	74	7	2	188	10	175	3.56E-32	107
Aquila_chrysaetos	Apteryx_rowi	45.312	192	74	7	10	175	2	188	3.38E-29	99
Anabas_testudineus	Neolamprologus_brichardi	45.333	75	37	2	119	190	2	75	1.16E-06	36.2
Haplochromis_burtoni	Kryptolebias_marmoratus	45.366	205	103	6	1	203	13	210	3.98E-44	138
Bos_taurus	Otolemur_garnettii	45.385	260	123	6	8	267	5	245	1.47E-65	197
Otolemur_garnettii	Bos_taurus	45.385	260	123	6	5	245	8	267	1.4E-65	197
Callithrix_jacchus	Oreochromis_niloticus	45.455	22	11	1	150	171	25	45	1.1	20.8
Haplochromis_burtoni	Pan_troglodytes	45.455	22	11	1	25	45	150	171	5.8	18.1
Haplochromis_burtoni	Nomascus_leucogenys	45.455	22	11	1	25	45	150	171	6	18.1
Maylandia_zebra	Pan_troglodytes	45.455	22	11	1	25	45	150	171	6.1	18.1
Maylandia_zebra	Nomascus_leucogenys	45.455	22	11	1	25	45	150	171	6.4	18.1
Nomascus_leucogenys	Haplochromis_burtoni	45.455	22	11	1	150	171	25	45	8.4	18.1
Nomascus_leucogenys	Pundamilia_nyererei	45.455	22	11	1	150	171	25	45	9.1	17.7
Nomascus_leucogenys	Maylandia_zebra	45.455	22	11	1	150	171	25	45	9.4	17.7
Oreochromis_niloticus	Callithrix_jacchus	45.455	22	11	1	25	45	150	171	0.63	21.2
Pan_troglodytes	Haplochromis_burtoni	45.455	22	11	1	150	171	25	45	8.2	18.1
Pan_troglodytes	Pundamilia_nyererei	45.455	22	11	1	150	171	25	45	8.7	18.1
Pan_troglodytes	Maylandia_zebra	45.455	22	11	1	150	171	25	45	9	18.1
Pundamilia_nyererei	Pan_troglodytes	45.455	22	11	1	25	45	150	171	6.4	18.1
Pundamilia_nyererei	Nomascus_leucogenys	45.455	22	11	1	25	45	150	171	6.4	18.1
Alligator_sinensis	Apteryx_rowi	45.536	112	53	3	314	423	11	116	9.53E-21	81.6
Pundamilia_nyererei	Fundulus_heteroclitus	45.545	101	53	1	1	99	1	101	2.83E-23	82.4
Kryptolebias_marmoratus	Oreochromis_niloticus	45.556	180	90	5	38	210	25	203	2.39E-33	110
Kryptolebias_marmoratus	Poecilia_reticulata	45.588	204	102	5	13	210	1	201	1.48E-46	144
Poecilia_reticulata	Kryptolebias_marmoratus	45.588	204	102	5	1	201	13	210	1.42E-46	144
Oreochromis_niloticus	Kryptolebias_marmoratus	45.631	206	101	7	1	203	13	210	4.87E-42	132
Oreochromis_niloticus	Fundulus_heteroclitus	45.794	107	56	1	1	105	1	107	5.17E-24	84.3
Cyprinodon_variegatus	Oreochromis_niloticus	45.977	87	47	0	21	107	19	105	3.11E-20	74.3
Fundulus_heteroclitus	Oreochromis_niloticus	45.977	87	47	0	23	109	21	107	1.39E-21	77.8
Haplochromis_burtoni	Astyanax_mexicanus	46.154	26	13	1	179	203	181	206	0.015	25.8
Maylandia_zebra	Astyanax_mexicanus	46.154	26	13	1	179	203	181	206	0.015	25.8
Neolamprologus_brichardi	Astyanax_mexicanus	46.154	26	13	1	55	79	181	206	0.001	26.9
Oreochromis_niloticus	Astyanax_mexicanus	46.154	26	13	1	179	203	181	206	0.01	26.6
Pundamilia_nyererei	Astyanax_mexicanus	46.154	26	13	1	179	203	181	206	0.014	26.2
Apteryx_rowi	Alligator_sinensis	46.429	112	52	3	11	116	314	423	9.77E-20	77.8
Aquila_chrysaetos	Chrysemys_picta	46.774	62	30	1	63	121	431	492	1.08E-12	56.2
Bos_taurus	Castor_canadensis	47.015	268	120	9	1	267	1	247	9.7E-61	185
Castor_canadensis	Bos_taurus	47.015	268	120	9	1	247	1	267	9.31E-61	185
Aquila_chrysaetos	Crocodylus_porosus	47.368	57	28	1	65	121	78	132	4.34E-11	51.2
Otolemur_garnettii	Ursus_maritimus	47.482	278	122	8	1	257	1	275	1.2E-72	215
Ursus_maritimus	Otolemur_garnettii	47.482	278	122	8	1	275	1	257	1.28E-72	215
Poecilia_reticulata	Stegastes_partitus	47.5	200	93	4	5	201	13	203	9.08E-53	160
Stegastes_partitus	Poecilia_reticulata	47.5	200	93	4	13	203	5	201	9.17E-53	160
Castor_canadensis	Otolemur_garnettii	47.584	269	113	8	1	256	1	254	3.94E-64	193
Otolemur_garnettii	Castor_canadensis	47.584	269	113	8	1	254	1	256	3.93E-64	193
Anabas_testudineus	Stegastes_partitus	47.642	212	82	5	1	192	1	203	1.25E-53	162
Stegastes_partitus	Anabas_testudineus	47.642	212	82	5	1	203	1	192	1.33E-53	162
Neolamprologus_brichardi	Cynoglossus_semilaevis	48	25	13	0	50	74	173	197	0.18	20.8
Otolemur_garnettii	Panthera_tigris	48.029	279	120	9	1	257	1	276	7.76E-68	203
Acanthochromis_polyacanthus	Kryptolebias_marmoratus	48.052	154	72	4	1	148	59	210	3.87E-39	123
Kryptolebias_marmoratus	Acanthochromis_polyacanthus	48.052	154	72	4	59	210	1	148	5.49E-39	123
Fundulus_heteroclitus	Pundamilia_nyererei	48.101	79	41	0	23	101	21	99	1.4E-21	77.8
Neolamprologus_brichardi	Fundulus_heteroclitus	48.148	54	24	1	22	75	92	141	1.98E-11	47.8
Castor_canadensis	Mustela_putorius	48.507	268	117	9	1	249	1	266	1.87E-64	194
Mustela_putorius	Castor_canadensis	48.507	268	117	9	1	266	1	249	2E-64	194
Castor_canadensis	Panthera_tigris	48.54	274	122	8	1	256	1	273	4.08E-64	193
Acanthochromis_polyacanthus	Pundamilia_nyererei	48.684	152	72	2	1	146	48	199	1.01E-34	112
Acanthochromis_polyacanthus	Maylandia_zebra	48.684	152	72	2	1	146	48	199	1.23E-34	111
Mustela_putorius	Otolemur_garnettii	48.736	277	121	6	1	276	1	257	6.76E-77	226
Otolemur_garnettii	Mustela_putorius	48.736	277	121	6	1	257	1	276	6.33E-77	226
Otolemur_garnettii	Vulpes_vulpes	48.736	277	121	6	1	257	1	276	4.53E-73	216
Vulpes_vulpes	Otolemur_garnettii	48.736	277	121	6	1	276	1	257	1.02E-81	238
Panthera_tigris	Otolemur_garnettii	48.746	279	118	9	1	276	1	257	3.88E-71	211
Cyprinodon_variegatus	Poecilia_reticulata	49.254	201	48	2	1	147	1	201	3.43E-59	174
Poecilia_reticulata	Cyprinodon_variegatus	49.254	201	48	2	1	201	1	147	3.11E-53	159
Acanthochromis_polyacanthus	Haplochromis_burtoni	49.342	152	71	2	1	146	48	199	1.76E-35	114
Alligator_sinensis	Mustela_putorius	50	18	9	0	470	487	197	214	5.5	19.6
Anabas_testudineus	Oreochromis_niloticus	50	12	6	0	6	17	63	74	6.4	17.7
Apteryx_rowi	Latimeria_chalumnae	50	26	13	0	85	110	78	103	1.82E-05	35
Aquila_chrysaetos	Chelonia_mydas	50	62	28	1	63	121	407	468	5.44E-13	57
Aquila_chrysaetos	Fundulus_heteroclitus	50	14	7	0	121	134	92	105	3.6	18.5
Chrysemys_picta	Latimeria_chalumnae	50	36	15	1	435	467	66	101	7.45E-06	38.5
Crocodylus_porosus	Mus_musculus	50	12	6	0	86	97	53	64	6.7	18.1
Fundulus_heteroclitus	Aquila_chrysaetos	50	14	7	0	92	105	121	134	2.8	18.5
Lepisosteus_oculatus	Chelonia_mydas	50	16	8	0	45	60	426	441	0.17	22.7
Lepisosteus_oculatus	Chrysemys_picta	50	16	8	0	45	60	450	465	0.19	22.3
Lepisosteus_oculatus	Terrapene_carolina	50	16	8	0	45	60	385	400	0.19	22.3
Lepisosteus_oculatus	Crocodylus_porosus	50	16	8	0	45	60	95	110	0.21	21.9
Mus_musculus	Crocodylus_porosus	50	12	6	0	53	64	86	97	5.1	18.5
Mustela_putorius	Alligator_sinensis	50	18	9	0	197	214	470	487	3	19.6
Nomascus_leucogenys	Oreochromis_niloticus	50	22	10	1	150	171	25	45	1.8	20
Oreochromis_niloticus	Anabas_testudineus	50	12	6	0	63	74	6	17	6	18.1
Oreochromis_niloticus	Nomascus_leucogenys	50	22	10	1	25	45	150	171	1.2	20.4
Oreochromis_niloticus	Pan_troglodytes	50	22	10	1	25	45	150	171	1.2	20.4
Pan_troglodytes	Oreochromis_niloticus	50	22	10	1	150	171	25	45	1.8	20
Terrapene_carolina	Chrysemys_picta	50	10	5	0	164	173	628	637	10	19.2
Terrapene_carolina	Latimeria_chalumnae	50	36	15	1	370	402	66	101	3.77E-06	39.3
Vulpes_vulpes	Latimeria_chalumnae	50	16	8	0	29	44	66	81	7.8	18.1
Panthera_tigris	Castor_canadensis	50.182	275	116	9	1	273	1	256	5.82E-69	206
Castor_canadensis	Vulpes_vulpes	50.189	265	113	8	1	247	1	264	1.19E-65	197
Marmota_marmota	Otolemur_garnettii	50.37	270	113	7	8	270	5	260	6.06E-79	231
Otolemur_garnettii	Marmota_marmota	50.37	270	113	7	5	260	8	270	5.83E-79	231
Equus_caballus	Otolemur_garnettii	50.542	277	114	6	1	274	1	257	1.23E-79	233
Otolemur_garnettii	Equus_caballus	50.542	277	114	6	1	257	1	274	1.16E-79	233
Neolamprologus_brichardi	Anabas_testudineus	50.667	75	33	2	2	75	119	190	1.72E-14	56.6
Castor_canadensis	Ursus_maritimus	50.725	276	112	10	1	256	1	272	5.83E-73	216
Ursus_maritimus	Castor_canadensis	50.725	276	112	10	1	272	1	256	6.19E-73	216
Neolamprologus_brichardi	Kryptolebias_marmoratus	50.877	57	25	2	23	79	157	210	1.43E-11	48.9
Castor_canadensis	Equus_caballus	51.103	272	116	7	1	256	1	271	7.84E-74	218
Equus_caballus	Castor_canadensis	51.103	272	116	7	1	271	1	256	8.29E-74	218
Vulpes_vulpes	Castor_canadensis	51.273	275	113	9	1	273	1	256	2.66E-72	214
Neolamprologus_brichardi	Poecilia_reticulata	51.562	64	30	1	13	75	136	199	7.36E-15	57.4
Acanthochromis_polyacanthus	Anabas_testudineus	51.613	155	52	4	1	148	54	192	4.04E-41	127
Anabas_testudineus	Acanthochromis_polyacanthus	51.613	155	52	4	54	192	1	148	5.23E-41	127
Pelodiscus_sinensis	Crocodylus_porosus	51.685	267	116	7	373	631	1	262	7.64E-70	219
Fundulus_heteroclitus	Poecilia_reticulata	51.741	201	39	3	1	143	1	201	3.34E-61	179
Poecilia_reticulata	Fundulus_heteroclitus	51.741	201	39	3	1	201	1	143	4.7E-61	179
Callithrix_jacchus	Castor_canadensis	51.838	272	113	8	1	270	1	256	9.52E-68	203
Castor_canadensis	Callithrix_jacchus	51.838	272	113	8	1	256	1	270	1.33E-60	184
Kryptolebias_marmoratus	Stegastes_partitus	52.284	197	89	4	15	210	11	203	3.21E-60	179
Stegastes_partitus	Kryptolebias_marmoratus	52.284	197	89	4	11	203	15	210	3.1E-60	179
Astyanax_mexicanus	Neolamprologus_brichardi	52.381	21	9	1	186	206	60	79	0.012	25
Astyanax_mexicanus	Oreochromis_niloticus	52.381	21	9	1	186	206	184	203	0.021	25.4
Astyanax_mexicanus	Haplochromis_burtoni	52.381	21	9	1	186	206	184	203	0.032	25
Astyanax_mexicanus	Pundamilia_nyererei	52.381	21	9	1	186	206	184	203	0.033	25
Astyanax_mexicanus	Maylandia_zebra	52.381	21	9	1	186	206	184	203	0.033	25
Cyprinodon_variegatus	Neolamprologus_brichardi	52.381	21	8	1	129	147	59	79	0.028	23.5
Bos_taurus	Callithrix_jacchus	52.434	267	121	4	1	267	1	261	2.25E-72	215
Callithrix_jacchus	Bos_taurus	52.434	267	121	4	1	261	1	267	1.12E-78	231
Cyprinodon_variegatus	Haplochromis_burtoni	52.778	36	15	1	114	147	168	203	0.022	24.6
Cyprinodon_variegatus	Oreochromis_niloticus	52.778	36	15	1	114	147	168	203	0.018	25
Cyprinodon_variegatus	Pundamilia_nyererei	52.778	36	15	1	114	147	168	203	0.022	24.6
Cyprinodon_variegatus	Maylandia_zebra	52.778	36	15	1	114	147	168	203	0.024	24.6
Crocodylus_porosus	Pelodiscus_sinensis	52.809	267	113	7	1	262	373	631	1.11E-76	236
Stegastes_partitus	Pundamilia_nyererei	53.297	182	75	4	29	201	19	199	1.99E-45	141
Stegastes_partitus	Maylandia_zebra	53.297	182	75	4	29	201	19	199	2.41E-45	141
Aquila_chrysaetos	Alligator_sinensis	53.488	43	20	0	65	107	381	423	1.3E-10	50.1
Bos_taurus	Marmota_marmota	53.558	267	113	6	1	267	1	256	1.94E-80	235
Marmota_marmota	Bos_taurus	53.558	267	113	6	1	256	1	267	1.92E-80	235
Castor_canadensis	Nomascus_leucogenys	53.65	274	105	9	1	256	1	270	1.4E-78	230
Nomascus_leucogenys	Castor_canadensis	53.65	274	105	9	1	270	1	256	1.48E-78	230
Panthera_tigris	Stegastes_partitus	53.846	13	6	0	256	268	161	173	3.4	19.2
Stegastes_partitus	Haplochromis_burtoni	53.846	182	74	4	29	201	19	199	1.04E-46	144
Stegastes_partitus	Panthera_tigris	53.846	13	6	0	161	173	256	268	2.4	19.2
Bos_taurus	Piliocolobus_tephrosceles	53.933	267	115	5	1	267	1	259	3.67E-80	235
Piliocolobus_tephrosceles	Bos_taurus	53.933	267	115	5	1	259	1	267	3.69E-80	235
Alligator_sinensis	Terrapene_carolina	54.229	603	140	11	23	528	1	564	0	532
Haplochromis_burtoni	Acanthochromis_polyacanthus	54.248	153	62	3	48	199	1	146	2.13E-47	144
Marmota_marmota	Panthera_tigris	54.34	265	111	6	1	256	1	264	4.07E-74	219
Panthera_tigris	Marmota_marmota	54.34	265	111	6	1	264	1	256	4.37E-78	229
Equus_caballus	Marmota_marmota	54.373	263	114	4	1	263	1	257	2.97E-82	240
Marmota_marmota	Equus_caballus	54.373	263	114	4	1	257	1	263	2.91E-82	240
Castor_canadensis	Piliocolobus_tephrosceles	54.444	270	107	7	1	256	1	268	1.58E-79	233
Piliocolobus_tephrosceles	Castor_canadensis	54.444	270	107	7	1	268	1	256	1.66E-79	233
Marmota_marmota	Mustela_putorius	54.511	266	111	6	1	257	1	265	1.07E-82	241
Mustela_putorius	Marmota_marmota	54.511	266	111	6	1	265	1	257	1.1E-82	241
Callithrix_jacchus	Otolemur_garnettii	54.513	277	108	4	1	276	1	260	1.71E-94	271
Otolemur_garnettii	Callithrix_jacchus	54.513	277	108	4	1	260	1	276	2.23E-88	255
Maylandia_zebra	Stegastes_partitus	54.545	198	78	5	5	199	13	201	2.77E-64	189
Pundamilia_nyererei	Stegastes_partitus	54.545	198	78	5	5	199	13	201	2.56E-64	189
Callithrix_jacchus	Marmota_marmota	54.58	262	114	3	1	262	1	257	5.91E-84	244
Marmota_marmota	Callithrix_jacchus	54.58	262	114	3	1	257	1	262	3.95E-77	227
Castor_canadensis	Pan_troglodytes	54.779	272	105	8	1	256	1	270	4.66E-79	231
Castor_canadensis	Homo_sapiens	54.779	272	105	8	1	256	1	270	9.56E-79	231
Homo_sapiens	Castor_canadensis	54.779	272	105	8	1	270	1	256	1.01E-78	231
Pan_troglodytes	Castor_canadensis	54.779	272	105	8	1	270	1	256	4.95E-79	231
Maylandia_zebra	Acanthochromis_polyacanthus	54.902	153	61	4	48	199	1	146	2.28E-46	142
Pundamilia_nyererei	Acanthochromis_polyacanthus	54.902	153	61	4	48	199	1	146	1.77E-46	142
Haplochromis_burtoni	Stegastes_partitus	55.051	198	77	5	5	199	13	201	1.47E-65	192
Callithrix_jacchus	Mustela_putorius	55.235	277	119	3	1	273	1	276	1E-96	277
Mustela_putorius	Callithrix_jacchus	55.235	277	119	3	1	276	1	273	1.07E-89	259
Marmota_marmota	Ursus_maritimus	55.431	267	106	7	1	257	1	264	1.87E-85	248
Ursus_maritimus	Marmota_marmota	55.431	267	106	7	1	264	1	257	1.92E-85	248
Callithrix_jacchus	Panthera_tigris	55.755	278	116	5	1	273	1	276	2.01E-92	266
Panthera_tigris	Callithrix_jacchus	55.755	278	116	5	1	276	1	273	2.04E-86	251
Bos_taurus	Mustela_putorius	55.805	267	115	3	1	267	1	264	1.34E-88	256
Bos_taurus	Nomascus_leucogenys	55.805	267	112	5	1	267	1	261	8.34E-86	249
Mustela_putorius	Bos_taurus	55.805	267	115	3	1	264	1	267	1.37E-88	256
Nomascus_leucogenys	Bos_taurus	55.805	267	112	5	1	261	1	267	8.49E-86	249
Bos_taurus	Vulpes_vulpes	56.18	267	114	3	1	267	1	264	3.47E-87	253
Acanthochromis_polyacanthus	Oreochromis_niloticus	56.209	153	59	4	1	146	48	199	4.72E-40	125
Oreochromis_niloticus	Acanthochromis_polyacanthus	56.209	153	59	4	48	199	1	146	2.73E-47	144
Marmota_marmota	Vulpes_vulpes	56.226	265	106	6	1	256	1	264	9.96E-81	236
Lepisosteus_oculatus	Apteryx_rowi	56.25	16	7	0	45	60	91	106	0.1	23.1
Mustela_putorius	Nomascus_leucogenys	56.272	279	113	4	1	276	1	273	7.88E-101	288
Nomascus_leucogenys	Mustela_putorius	56.272	279	113	4	1	273	1	276	7.85E-101	288
Vulpes_vulpes	Marmota_marmota	56.391	266	106	6	1	265	1	257	7.6E-85	247
Oreochromis_niloticus	Stegastes_partitus	56.5	200	75	5	3	199	11	201	2.44E-67	197
Bos_taurus	Homo_sapiens	56.554	267	110	5	1	267	1	261	2.38E-86	251
Homo_sapiens	Bos_taurus	56.554	267	110	5	1	261	1	267	2.43E-86	251
Otolemur_garnettii	Piliocolobus_tephrosceles	56.679	277	100	6	1	260	1	274	1.6E-94	271
Piliocolobus_tephrosceles	Otolemur_garnettii	56.679	277	100	6	1	274	1	260	1.68E-94	271
Bos_taurus	Pan_troglodytes	56.929	267	109	5	1	267	1	261	4.53E-88	255
Pan_troglodytes	Bos_taurus	56.929	267	109	5	1	261	1	267	4.61E-88	255
Callithrix_jacchus	Vulpes_vulpes	56.981	265	109	3	1	261	1	264	4.95E-94	270
Piliocolobus_tephrosceles	Vulpes_vulpes	56.981	265	107	5	1	259	1	264	4.46E-88	255
Homo_sapiens	Mustela_putorius	57.04	277	114	3	1	273	1	276	2.78E-102	291
Mustela_putorius	Homo_sapiens	57.04	277	114	3	1	276	1	273	2.79E-102	291
Mustela_putorius	Piliocolobus_tephrosceles	57.04	277	112	6	1	276	1	271	4.59E-97	278
Panthera_tigris	Piliocolobus_tephrosceles	57.04	277	112	5	1	276	1	271	8.45E-96	275
Piliocolobus_tephrosceles	Mustela_putorius	57.04	277	112	6	1	271	1	276	4.53E-97	278
Piliocolobus_tephrosceles	Panthera_tigris	57.04	277	112	5	1	271	1	276	1.49E-91	264
Terrapene_carolina	Alligator_sinensis	57.048	603	123	10	1	564	23	528	0	602
Acanthochromis_polyacanthus	Astyanax_mexicanus	57.143	21	6	2	131	148	186	206	0.95	20
Astyanax_mexicanus	Acanthochromis_polyacanthus	57.143	21	6	2	186	206	131	148	1.2	20
Astyanax_mexicanus	Stegastes_partitus	57.143	21	6	2	186	206	186	203	0.66	20.8
Castor_canadensis	Marmota_marmota	57.143	273	102	6	1	261	1	270	1.31E-91	263
Lepisosteus_oculatus	Chrysemys_picta	57.143	14	6	0	26	39	366	379	4.8	18.1
Marmota_marmota	Castor_canadensis	57.143	273	102	6	1	270	1	261	1.36E-91	263
Stegastes_partitus	Oreochromis_niloticus	57.143	182	68	4	29	201	19	199	7.1E-54	162
Stegastes_partitus	Astyanax_mexicanus	57.143	21	6	2	186	203	186	206	0.67	20.8
Nomascus_leucogenys	Panthera_tigris	57.194	278	112	5	1	273	1	276	4.17E-94	271
Panthera_tigris	Nomascus_leucogenys	57.194	278	112	5	1	276	1	273	2.24E-98	281
Chrysemys_picta	Crocodylus_porosus	57.299	274	100	6	361	629	1	262	5.07E-88	266
Vulpes_vulpes	Piliocolobus_tephrosceles	57.401	277	111	5	1	276	1	271	1.8E-98	281
Vulpes_vulpes	Callithrix_jacchus	57.401	277	113	3	1	276	1	273	1.98E-96	276
Bos_taurus	Ursus_maritimus	57.463	268	108	5	1	267	1	263	9.46E-93	267
Ursus_maritimus	Bos_taurus	57.463	268	108	5	1	263	1	267	9.64E-93	267
Nomascus_leucogenys	Vulpes_vulpes	57.519	266	106	5	1	261	1	264	5.11E-97	278
Terrapene_carolina	Crocodylus_porosus	57.664	274	99	6	296	564	1	262	2.79E-90	270
Vulpes_vulpes	Bos_taurus	57.678	267	110	3	1	264	1	267	1.9E-92	266
Bos_taurus	Panthera_tigris	57.778	270	107	6	1	268	1	265	3.17E-83	243
Kryptolebias_marmoratus	Neolamprologus_brichardi	57.778	45	16	2	169	210	35	79	0.002	27.3
Panthera_tigris	Bos_taurus	57.778	270	107	6	1	265	1	268	4.02E-88	255
Marmota_marmota	Piliocolobus_tephrosceles	57.818	275	110	4	1	270	1	274	2.06E-92	266
Nomascus_leucogenys	Otolemur_garnettii	57.818	275	98	4	1	274	1	258	2.46E-104	296
Otolemur_garnettii	Nomascus_leucogenys	57.818	275	98	4	1	258	1	274	2.31E-104	296
Piliocolobus_tephrosceles	Marmota_marmota	57.818	275	110	4	1	274	1	270	2.09E-92	266
Pelodiscus_sinensis	Alligator_sinensis	57.903	601	146	11	49	631	17	528	0	592
Ursus_maritimus	Callithrix_jacchus	57.914	278	109	5	1	275	1	273	3.76E-96	276
Chelonia_mydas	Crocodylus_porosus	58.029	274	98	6	337	605	1	262	2.53E-89	269
Mustela_putorius	Pan_troglodytes	58.123	277	111	3	1	276	1	273	4.46E-105	298
Pan_troglodytes	Mustela_putorius	58.123	277	111	3	1	273	1	276	4.44E-105	298
Alligator_sinensis	Pelodiscus_sinensis	58.236	601	144	11	17	528	49	631	0	607
Vulpes_vulpes	Nomascus_leucogenys	58.423	279	107	5	1	276	1	273	3.95E-106	301
Callithrix_jacchus	Equus_caballus	58.484	277	108	3	1	273	1	274	2.95E-97	278
Equus_caballus	Callithrix_jacchus	58.484	277	108	3	1	274	1	273	3.56E-90	260
Homo_sapiens	Otolemur_garnettii	58.545	275	96	4	1	274	1	258	1.75E-104	296
Otolemur_garnettii	Homo_sapiens	58.545	275	96	4	1	258	1	274	1.64E-104	296
Chelonia_mydas	Alligator_sinensis	58.604	616	134	10	1	605	23	528	0	622
Callithrix_jacchus	Ursus_maritimus	58.633	278	107	5	1	273	1	275	2.2E-103	294
Homo_sapiens	Panthera_tigris	58.633	278	108	5	1	273	1	276	2.36E-97	279
Panthera_tigris	Homo_sapiens	58.633	278	108	5	1	276	1	273	1.62E-101	290
Crocodylus_porosus	Chrysemys_picta	58.759	274	96	6	1	262	361	629	4.54E-88	266
Equus_caballus	Piliocolobus_tephrosceles	58.845	277	105	5	1	274	1	271	3.27E-94	271
Piliocolobus_tephrosceles	Equus_caballus	58.845	277	105	5	1	271	1	274	3.25E-94	271
Homo_sapiens	Vulpes_vulpes	58.868	265	104	4	1	261	1	264	1.16E-96	277
Marmota_marmota	Nomascus_leucogenys	59.091	264	99	5	1	257	1	262	3.5E-96	275
Nomascus_leucogenys	Marmota_marmota	59.091	264	99	5	1	262	1	257	3.59E-96	275
Crocodylus_porosus	Terrapene_carolina	59.124	274	95	6	1	262	296	564	4.35E-90	269
Vulpes_vulpes	Homo_sapiens	59.206	277	108	4	1	276	1	273	5.72E-107	303
Alligator_sinensis	Chelonia_mydas	59.253	616	130	10	23	528	1	605	0	619
Homo_sapiens	Marmota_marmota	59.273	275	106	4	1	275	1	269	4.83E-99	283
Marmota_marmota	Homo_sapiens	59.273	275	106	4	1	269	1	275	4.71E-99	283
Otolemur_garnettii	Pan_troglodytes	59.273	275	94	4	1	258	1	274	4.99E-106	300
Pan_troglodytes	Otolemur_garnettii	59.273	275	94	4	1	274	1	258	5.31E-106	300
Crocodylus_porosus	Chelonia_mydas	59.489	274	94	6	1	262	337	605	3.2E-89	268
Pan_troglodytes	Vulpes_vulpes	59.623	265	102	4	1	261	1	264	1.04E-98	282
Marmota_marmota	Pan_troglodytes	59.636	275	105	4	1	269	1	275	1.53E-100	286
Pan_troglodytes	Marmota_marmota	59.636	275	105	4	1	275	1	269	1.57E-100	286
Pan_troglodytes	Panthera_tigris	59.712	278	105	5	1	273	1	276	2.24E-99	284
Panthera_tigris	Pan_troglodytes	59.712	278	105	5	1	276	1	273	1.93E-103	294
Equus_caballus	Nomascus_leucogenys	59.928	277	104	4	1	274	1	273	1.89E-101	289
Nomascus_leucogenys	Equus_caballus	59.928	277	104	4	1	273	1	274	1.9E-101	289
Vulpes_vulpes	Pan_troglodytes	59.928	277	106	4	1	276	1	273	3.93E-109	309
Acanthochromis_polyacanthus	Astyanax_mexicanus	60	15	6	0	24	38	87	101	0.45	20.8
Anabas_testudineus	Terrapene_carolina	60	10	4	0	38	47	449	458	8.8	17.7
Anabas_testudineus	Chelonia_mydas	60	10	4	0	38	47	490	499	9	17.3
Anabas_testudineus	Chrysemys_picta	60	10	4	0	38	47	514	523	9	17.3
Astyanax_mexicanus	Acanthochromis_polyacanthus	60	15	6	0	87	101	24	38	0.56	21.2
Danio_rerio	Chrysemys_picta	60	10	4	0	110	119	149	158	6.9	18.1
Danio_rerio	Alligator_sinensis	60	10	4	0	110	119	168	177	7	17.7
Danio_rerio	Pelodiscus_sinensis	60	10	4	0	110	119	199	208	7.2	17.7
Danio_rerio	Chelonia_mydas	60	10	4	0	110	119	149	158	7.7	17.7
Oryzias_latipes	Alligator_sinensis	60	10	4	0	49	58	301	310	7.5	17.3
Nomascus_leucogenys	Ursus_maritimus	60.072	278	103	6	1	273	1	275	7.47E-108	305
Piliocolobus_tephrosceles	Ursus_maritimus	60.072	278	101	8	1	271	1	275	8.64E-103	292
Ursus_maritimus	Nomascus_leucogenys	60.072	278	103	6	1	275	1	273	7.47E-108	305
Ursus_maritimus	Piliocolobus_tephrosceles	60.072	278	101	8	1	275	1	271	8.73E-103	292
Stegastes_partitus	Neolamprologus_brichardi	60.294	68	23	2	137	201	9	75	4.17E-07	37.7
Homo_sapiens	Ursus_maritimus	61.151	278	100	6	1	273	1	275	7.04E-110	311
Ursus_maritimus	Homo_sapiens	61.151	278	100	6	1	275	1	273	7.04E-110	311
Cyprinodon_variegatus	Fundulus_heteroclitus	61.224	147	53	1	1	147	1	143	1.97E-60	175
Fundulus_heteroclitus	Cyprinodon_variegatus	61.224	147	53	1	1	143	1	147	1.49E-54	160
Equus_caballus	Homo_sapiens	61.372	277	100	4	1	274	1	273	1.68E-103	294
Homo_sapiens	Equus_caballus	61.372	277	100	4	1	273	1	274	1.68E-103	294
Astyanax_mexicanus	Pundamilia_nyererei	61.538	13	5	0	87	99	71	83	5.6	18.1
Astyanax_mexicanus	Maylandia_zebra	61.538	13	5	0	87	99	71	83	5.7	18.1
Astyanax_mexicanus	Stegastes_partitus	61.538	13	5	0	87	99	78	90	2.1	19.2
Cynoglossus_semilaevis	Fundulus_heteroclitus	61.538	26	10	0	54	79	56	81	1.21E-05	34.7
Fundulus_heteroclitus	Cynoglossus_semilaevis	61.538	26	10	0	56	81	54	79	8.62E-06	34.7
Maylandia_zebra	Astyanax_mexicanus	61.538	13	5	0	71	83	87	99	6.8	17.7
Pundamilia_nyererei	Astyanax_mexicanus	61.538	13	5	0	71	83	87	99	6.7	17.7
Stegastes_partitus	Astyanax_mexicanus	61.538	13	5	0	78	90	87	99	2.3	19.2
Equus_caballus	Vulpes_vulpes	62.007	279	102	2	1	276	1	278	2.25E-104	296
Pan_troglodytes	Ursus_maritimus	62.23	278	97	6	1	273	1	275	1.02E-112	318
Ursus_maritimus	Pan_troglodytes	62.23	278	97	6	1	275	1	273	1.02E-112	318
Neolamprologus_brichardi	Acanthochromis_polyacanthus	62.319	69	21	3	8	75	82	146	2.4E-19	68.2
Equus_caballus	Pan_troglodytes	62.455	277	97	4	1	274	1	273	1.31E-106	302
Pan_troglodytes	Equus_caballus	62.455	277	97	4	1	273	1	274	1.32E-106	302
Aquila_chrysaetos	Kryptolebias_marmoratus	62.5	8	3	0	15	22	4	11	9.8	17.3
Vulpes_vulpes	Equus_caballus	63.082	279	99	2	1	278	1	276	1.47E-114	322
Cynoglossus_semilaevis	Neolamprologus_brichardi	63.636	11	4	0	182	192	59	69	4.6	17.7
Equus_caballus	Mustela_putorius	63.799	279	97	2	1	276	1	278	1.58E-115	325
Mustela_putorius	Equus_caballus	63.799	279	97	2	1	278	1	276	1.59E-115	325
Equus_caballus	Panthera_tigris	63.929	280	95	4	1	276	1	278	2.73E-106	301
Panthera_tigris	Equus_caballus	63.929	280	95	4	1	278	1	276	1.19E-110	313
Bos_taurus	Equus_caballus	65.169	267	88	3	1	267	1	262	6.37E-110	310
Equus_caballus	Bos_taurus	65.169	267	88	3	1	262	1	267	6.46E-110	310
Fundulus_heteroclitus	Haplochromis_burtoni	65.625	32	11	0	110	141	168	199	2.31E-05	33.5
Fundulus_heteroclitus	Oreochromis_niloticus	65.625	32	11	0	110	141	168	199	1.75E-05	33.9
Fundulus_heteroclitus	Pundamilia_nyererei	65.625	32	11	0	110	141	168	199	2.22E-05	33.5
Fundulus_heteroclitus	Maylandia_zebra	65.625	32	11	0	110	141	168	199	2.4E-05	33.5
Fundulus_heteroclitus	Neolamprologus_brichardi	65.625	32	11	0	110	141	44	75	1.9E-05	32.3
Oreochromis_niloticus	Fundulus_heteroclitus	65.625	32	11	0	168	199	110	141	2.46E-10	48.1
Equus_caballus	Ursus_maritimus	66.071	280	88	4	1	276	1	277	4.49E-119	334
Ursus_maritimus	Equus_caballus	66.071	280	88	4	1	277	1	276	4.51E-119	334
Neolamprologus_brichardi	Stegastes_partitus	66.176	68	19	2	9	75	137	201	3.7E-22	76.6
Apteryx_rowi	Pelodiscus_sinensis	66.667	9	3	0	143	151	34	42	7	18.1
Chrysemys_picta	Pelodiscus_sinensis	66.667	9	3	0	628	636	130	138	8.5	19.6
Pelodiscus_sinensis	Chrysemys_picta	66.667	9	3	0	130	138	628	636	8	19.6
Poecilia_reticulata	Oryzias_latipes	68.182	22	7	0	180	201	138	159	4.49E-06	36.2
Pelodiscus_sinensis	Terrapene_carolina	70.458	589	129	7	57	631	7	564	0	750
Alligator_sinensis	Lepisosteus_oculatus	72.727	11	3	0	398	408	45	55	1.2	21.6
Chelonia_mydas	Lepisosteus_oculatus	72.727	11	3	0	426	436	45	55	1.4	21.6
Chrysemys_picta	Lepisosteus_oculatus	72.727	11	3	0	450	460	45	55	1.7	21.2
Crocodylus_porosus	Lepisosteus_oculatus	72.727	11	3	0	95	105	45	55	0.62	21.2
Pelodiscus_sinensis	Lepisosteus_oculatus	72.727	11	3	0	462	472	45	55	2.6	20.8
Terrapene_carolina	Lepisosteus_oculatus	72.727	11	3	0	385	395	45	55	1.4	21.6
Mustela_putorius	Panthera_tigris	72.76	279	74	2	1	278	1	278	2.43E-132	368
Panthera_tigris	Mustela_putorius	72.76	279	74	2	1	278	1	278	2.42E-136	378
Terrapene_carolina	Pelodiscus_sinensis	72.819	596	95	6	11	564	61	631	0	835
Chrysemys_picta	Pelodiscus_sinensis	73.077	624	118	5	7	629	57	631	0	865
Pelodiscus_sinensis	Chrysemys_picta	73.836	623	113	6	58	631	8	629	0	855
Panthera_tigris	Vulpes_vulpes	74.194	279	70	2	1	278	1	278	3.55E-131	365
Vulpes_vulpes	Panthera_tigris	74.194	279	70	2	1	278	1	278	3.08E-139	385
Panthera_tigris	Ursus_maritimus	74.286	280	67	4	1	278	1	277	4.44E-138	382
Ursus_maritimus	Panthera_tigris	74.286	280	67	4	1	277	1	278	8.32E-132	366
Aquila_chrysaetos	Otolemur_garnettii	75	8	2	0	63	70	125	132	6.2	17.7
Otolemur_garnettii	Aquila_chrysaetos	75	8	2	0	125	132	63	70	8.9	17.7
Mustela_putorius	Vulpes_vulpes	76.259	278	66	0	1	278	1	278	5.17E-140	387
Vulpes_vulpes	Mustela_putorius	76.259	278	66	0	1	278	1	278	5.99E-153	420
Chelonia_mydas	Pelodiscus_sinensis	76.678	596	113	5	11	605	61	631	0	874
Ursus_maritimus	Vulpes_vulpes	76.703	279	62	2	1	277	1	278	2.01E-138	383
Vulpes_vulpes	Ursus_maritimus	76.703	279	62	2	1	278	1	277	9.77E-153	419
Pelodiscus_sinensis	Chelonia_mydas	76.705	601	112	6	57	631	7	605	0	861
Chelonia_mydas	Chrysemys_picta	77.778	9	2	0	80	88	628	636	2.3	21.2
Chrysemys_picta	Chelonia_mydas	77.778	9	2	0	628	636	80	88	2.4	21.2
Chrysemys_picta	Terrapene_carolina	77.778	9	2	0	628	636	80	88	3.2	20.8
Terrapene_carolina	Chrysemys_picta	77.778	9	2	0	80	88	628	636	2.9	20.8
Acanthochromis_polyacanthus	Stegastes_partitus	77.852	149	32	1	1	148	55	203	5.05E-83	234
Stegastes_partitus	Acanthochromis_polyacanthus	77.852	149	32	1	55	203	1	148	6.93E-83	234
Alligator_sinensis	Crocodylus_porosus	78.125	256	17	2	311	528	8	262	8.09E-122	350
Crocodylus_porosus	Alligator_sinensis	78.125	256	17	2	8	262	311	528	2.05E-122	351
Alligator_sinensis	Chrysemys_picta	78.193	321	57	4	23	336	1	315	1.68E-168	483
Chrysemys_picta	Alligator_sinensis	78.193	321	57	4	1	315	23	336	2.19E-168	483
Chrysemys_picta	Terrapene_carolina	79.65	629	63	2	1	629	1	564	0	1022
Crocodylus_porosus	Otolemur_garnettii	80	10	2	0	119	128	34	43	5.5	18.5
Otolemur_garnettii	Crocodylus_porosus	80	10	2	0	34	43	119	128	3.9	18.9
Mustela_putorius	Ursus_maritimus	80.287	279	52	2	1	278	1	277	1.37E-157	431
Ursus_maritimus	Mustela_putorius	80.287	279	52	2	1	277	1	278	1.37E-157	431
Oryzias_latipes	Neolamprologus_brichardi	81.25	16	3	0	141	156	59	74	0.000344	28.9
Callithrix_jacchus	Piliocolobus_tephrosceles	81.522	276	49	2	1	276	1	274	1.1E-157	431
Piliocolobus_tephrosceles	Callithrix_jacchus	81.522	276	49	2	1	274	1	276	1.7E-148	408
Callithrix_jacchus	Nomascus_leucogenys	82.051	273	49	0	1	273	1	273	1.05E-159	437
Nomascus_leucogenys	Callithrix_jacchus	82.051	273	49	0	1	273	1	273	4.82E-150	412
Chelonia_mydas	Terrapene_carolina	82.085	614	51	4	1	605	1	564	0	952
Callithrix_jacchus	Pan_troglodytes	83.15	273	46	0	1	273	1	273	4.08E-163	445
Pan_troglodytes	Callithrix_jacchus	83.15	273	46	0	1	273	1	273	6.05E-153	420
Callithrix_jacchus	Homo_sapiens	83.516	273	45	0	1	273	1	273	6.47E-163	445
Homo_sapiens	Callithrix_jacchus	83.516	273	45	0	1	273	1	273	8.04E-153	419
Neolamprologus_brichardi	Oryzias_latipes	84.211	19	3	0	56	74	138	156	1.11E-06	35
Terrapene_carolina	Chelonia_mydas	85.993	614	27	3	1	564	1	605	0	1034
Vulpes_vulpes	Alligator_sinensis	87.5	8	1	0	197	204	470	477	9.9	18.1
Terrapene_carolina	Chrysemys_picta	87.758	629	12	2	1	564	1	629	0	1123
Nomascus_leucogenys	Piliocolobus_tephrosceles	88	275	31	2	1	275	1	273	1.45E-174	474
Piliocolobus_tephrosceles	Nomascus_leucogenys	88	275	31	2	1	273	1	275	1.43E-174	474
Pan_troglodytes	Piliocolobus_tephrosceles	88.364	275	30	2	1	275	1	273	2.68E-175	476
Piliocolobus_tephrosceles	Pan_troglodytes	88.364	275	30	2	1	273	1	275	2.65E-175	476
Chelonia_mydas	Chrysemys_picta	88.468	633	41	4	1	605	1	629	0	1083
Chrysemys_picta	Chelonia_mydas	88.468	633	41	4	1	629	1	605	0	1082
Homo_sapiens	Piliocolobus_tephrosceles	88.727	275	29	2	1	275	1	273	4.34E-175	476
Piliocolobus_tephrosceles	Homo_sapiens	88.727	275	29	2	1	273	1	275	4.29E-175	476
Homo_sapiens	Nomascus_leucogenys	92.78	277	20	0	1	277	1	277	0	514
Nomascus_leucogenys	Homo_sapiens	92.78	277	20	0	1	277	1	277	0	514
Haplochromis_burtoni	Oreochromis_niloticus	93.103	203	14	0	1	203	1	203	1.1E-124	342
Oreochromis_niloticus	Haplochromis_burtoni	93.103	203	14	0	1	203	1	203	5.64E-116	320
Nomascus_leucogenys	Pan_troglodytes	93.141	277	19	0	1	277	1	277	0	518
Pan_troglodytes	Nomascus_leucogenys	93.141	277	19	0	1	277	1	277	0	518
Maylandia_zebra	Oreochromis_niloticus	93.596	203	13	0	1	203	1	203	5.02E-126	345
Oreochromis_niloticus	Pundamilia_nyererei	93.596	203	13	0	1	203	1	203	1.4E-117	324
Oreochromis_niloticus	Maylandia_zebra	93.596	203	13	0	1	203	1	203	1.89E-117	324
Pundamilia_nyererei	Oreochromis_niloticus	93.596	203	13	0	1	203	1	203	7.78E-126	345
Neolamprologus_brichardi	Oreochromis_niloticus	94.937	79	4	0	1	79	125	203	1.41E-41	126
Oreochromis_niloticus	Neolamprologus_brichardi	94.937	79	4	0	125	203	1	79	1.44E-30	99.4
Homo_sapiens	Pan_troglodytes	96.751	277	9	0	1	277	1	277	0	541
Pan_troglodytes	Homo_sapiens	96.751	277	9	0	1	277	1	277	0	541
Haplochromis_burtoni	Neolamprologus_brichardi	97.468	79	2	0	125	203	1	79	8.03E-51	150
Neolamprologus_brichardi	Haplochromis_burtoni	97.468	79	2	0	1	79	125	203	3.16E-51	150
Haplochromis_burtoni	Pundamilia_nyererei	97.537	203	5	0	1	203	1	203	1.6E-149	405
Haplochromis_burtoni	Maylandia_zebra	97.537	203	5	0	1	203	1	203	2.09E-149	405
Maylandia_zebra	Haplochromis_burtoni	97.537	203	5	0	1	203	1	203	2.09E-149	405
Pundamilia_nyererei	Haplochromis_burtoni	97.537	203	5	0	1	203	1	203	1.6E-149	405
Maylandia_zebra	Neolamprologus_brichardi	98.734	79	1	0	125	203	1	79	1.48E-52	155
Neolamprologus_brichardi	Maylandia_zebra	98.734	79	1	0	1	79	125	203	5.82E-53	155
Neolamprologus_brichardi	Pundamilia_nyererei	98.734	79	1	0	1	79	125	203	5.89E-53	155
Pundamilia_nyererei	Neolamprologus_brichardi	98.734	79	1	0	125	203	1	79	1.49E-52	155
Maylandia_zebra	Pundamilia_nyererei	99.015	203	2	0	1	203	1	203	5.88E-153	414
Pundamilia_nyererei	Maylandia_zebra	99.015	203	2	0	1	203	1	203	5.88E-153	414
Acanthochromis_polyacanthus	Acanthochromis_polyacanthus	100	148	0	0	1	148	1	148	1.8E-109	299
Alligator_sinensis	Alligator_sinensis	100	528	0	0	1	528	1	528	0	1095
Anabas_testudineus	Anabas_testudineus	100	192	0	0	1	192	1	192	6.77E-148	400
Apteryx_rowi	Apteryx_rowi	100	210	0	0	1	210	1	210	4.59E-149	404
Aquila_chrysaetos	Aquila_chrysaetos	100	181	0	0	1	181	1	181	7.87E-134	363
Astyanax_mexicanus	Astyanax_mexicanus	100	206	0	0	1	206	1	206	7.52E-156	421
Bos_taurus	Bos_taurus	100	272	0	0	1	272	1	272	0	545
Callithrix_jacchus	Callithrix_jacchus	100	276	0	0	1	276	1	276	0	561
Castor_canadensis	Castor_canadensis	100	261	0	0	1	261	1	261	0	535
Chelonia_mydas	Chelonia_mydas	100	605	0	0	1	605	1	605	0	1266
Chrysemys_picta	Chrysemys_picta	100	637	0	0	1	637	1	637	0	1334
Crocodylus_porosus	Crocodylus_porosus	100	262	0	0	1	262	1	262	0	540
Cynoglossus_semilaevis	Cynoglossus_semilaevis	100	200	0	0	1	200	1	200	1.76E-152	412
Cyprinodon_variegatus	Cyprinodon_variegatus	100	147	0	0	1	147	1	147	4.66E-111	303
Danio_rerio	Danio_rerio	100	196	0	0	1	196	1	196	4.35E-150	405
Equus_caballus	Equus_caballus	100	276	0	0	1	276	1	276	0	553
Fundulus_heteroclitus	Fundulus_heteroclitus	100	143	0	0	1	143	1	143	4.87E-108	295
Haplochromis_burtoni	Haplochromis_burtoni	100	203	0	0	1	203	1	203	2.26E-154	417
Homo_sapiens	Homo_sapiens	100	277	0	0	1	277	1	277	0	562
Kryptolebias_marmoratus	Kryptolebias_marmoratus	100	210	0	0	1	210	1	210	8.82E-159	429
Latimeria_chalumnae	Latimeria_chalumnae	100	291	0	0	1	291	1	291	0	577
Lepisosteus_oculatus	Lepisosteus_oculatus	100	164	0	0	1	164	1	164	3.88E-114	312
Marmota_marmota	Marmota_marmota	100	270	0	0	1	270	1	270	0	550
Maylandia_zebra	Maylandia_zebra	100	203	0	0	1	203	1	203	1.46E-154	417
Mus_musculus	Mus_musculus	100	234	0	0	1	234	1	234	7.89E-178	479
Mustela_putorius	Mustela_putorius	100	278	0	0	1	278	1	278	0	558
Neolamprologus_brichardi	Neolamprologus_brichardi	100	80	0	0	1	80	1	80	9.18E-56	158
Nomascus_leucogenys	Nomascus_leucogenys	100	277	0	0	1	277	1	277	0	561
Oreochromis_niloticus	Oreochromis_niloticus	100	203	0	0	1	203	1	203	2.66E-154	417
Oryzias_latipes	Oryzias_latipes	100	159	0	0	1	159	1	159	4.4E-120	327
Otolemur_garnettii	Otolemur_garnettii	100	260	0	0	1	260	1	260	0	530
Pan_troglodytes	Pan_troglodytes	100	277	0	0	1	277	1	277	0	563
Panthera_tigris	Panthera_tigris	100	278	0	0	1	278	1	278	0	556
Pelodiscus_sinensis	Pelodiscus_sinensis	100	631	0	0	1	631	1	631	0	1315
Piliocolobus_tephrosceles	Piliocolobus_tephrosceles	100	274	0	0	1	274	1	274	0	555
Poecilia_reticulata	Poecilia_reticulata	100	201	0	0	1	201	1	201	1.13E-153	415
Pundamilia_nyererei	Pundamilia_nyererei	100	203	0	0	1	203	1	203	1.66E-154	417
Rhinatrema_bivittatum	Rhinatrema_bivittatum	100	269	0	0	1	269	1	269	0	558
Stegastes_partitus	Stegastes_partitus	100	203	0	0	1	203	1	203	3.19E-156	422
Terrapene_carolina	Terrapene_carolina	100	564	0	0	1	564	1	564	0	1179
Ursus_maritimus	Ursus_maritimus	100	277	0	0	1	277	1	277	0	556
Vulpes_vulpes	Vulpes_vulpes	100	278	0	0	1	278	1	278	0	561
